customer_id,frequency,recency,T,monetary_value,p_alive,exp_purchases_90d,exp_avg_profit,clv_12m
10,12.0,378.0,1213.0,65.66666666666667,2.4839953385906128e-05,2.1466161768574685e-05,66.54825228089429,0.005082979500692995
100,0.0,0.0,827.0,0.0,1.0,0.011387113451226123,,
101,0.0,0.0,827.0,0.0,1.0,0.011387113451226123,,
102,0.0,0.0,820.0,0.0,1.0,0.011479716307779027,,
103,0.0,0.0,826.0,0.0,1.0,0.011400250814473547,,
104,2.0,537.0,826.0,60.910000000000004,0.5881262577734665,0.12814256116405992,66.18186541540554,29.76745788482394
105,1.0,356.0,1182.0,105.0,0.32296159821141723,0.02630586038253333,120.80605026036913,11.383856218569136
106,1.0,141.0,824.0,129.0,0.2179306292957328,0.02507335499096246,147.36461779517666,13.016121451635685
107,0.0,0.0,822.0,0.0,1.0,0.011453104946429895,,
108,2.0,60.0,804.0,89.1,0.026315157584051996,0.005882193173366817,95.79844892682658,1.974928775583509
11,0.0,0.0,1212.0,0.0,1.0,0.007887990860768782,,
110,0.0,0.0,820.0,0.0,1.0,0.011479716307779027,,
112,0.0,0.0,817.0,0.0,1.0,0.011519866138353435,,
113,4.0,378.0,1195.0,241.495,0.06669999094687944,0.019866117425232775,248.52246027863754,17.600529610937404
114,4.0,182.0,804.0,94.05,0.021820827864251074,0.00948761192076393,97.43872930606723,3.2288833610435894
117,1.0,134.0,817.0,77.95,0.21133510000961567,0.02451227099203645,90.87233143467982,7.8432441359436345
118,0.0,0.0,817.0,0.0,1.0,0.011519866138353435,,
119,0.0,0.0,811.0,0.0,1.0,0.011601014671067032,,
121,0.0,0.0,809.0,0.0,1.0,0.011628318958359977,,
123,0.0,0.0,801.0,0.0,1.0,0.011738834226186887,,
125,1.0,29.0,773.0,99.0,0.0772679949079513,0.009444983507423376,114.16640837666725,3.7855099314228164
126,2.0,474.0,786.0,59.27,0.5514005526078055,0.12592368938453694,64.4588715537975,28.410879609667326
127,1.0,29.0,773.0,99.0,0.0772679949079513,0.009444983507423376,114.16640837666725,3.7855099314228164
129,24.0,707.0,799.0,94.61416666666666,0.7017791075154827,1.7969998962198086,95.16984751676466,594.3568896852446
13,8.0,302.0,1174.0,77.5,0.0003524286059854704,0.0002105371152107723,78.97198627584497,0.05911448055314679
130,14.0,455.0,773.0,99.0,0.017719923271631497,0.027405683845764556,99.98573482842507,9.51103999085551
131,0.0,0.0,753.0,0.0,1.0,0.012448733034251943,,
133,0.0,0.0,748.0,0.0,1.0,0.012527652639328356,,
1330,0.0,0.0,651.0,0.0,1.0,0.01428462600914172,,
136,0.0,0.0,730.0,0.0,1.0,0.012820246836321289,,
137,0.0,0.0,722.0,0.0,1.0,0.012954724444370047,,
138,0.0,0.0,718.0,0.0,1.0,0.013023027405090249,,
14,9.0,279.0,1174.0,77.66666666666667,5.5232505332028496e-05,3.706020658046346e-05,78.9751325902934,0.01040363115859115
140,6.0,519.0,1049.0,99.0,0.1376763178633829,0.06904919720264997,101.32149507872761,24.75695226892488
142,0.0,0.0,683.0,0.0,1.0,0.013652908141899098,,
143,3.0,727.0,828.0,163.84666666666666,0.7765665449553307,0.2486131802573141,170.71814051791225,148.68886072812177
144,1.0,365.0,676.0,110.21,0.4725463299743879,0.06554875444364804,126.57147262938359,28.90309774851812
145,0.0,0.0,681.0,0.0,1.0,0.013690747979910723,,
146,0.0,0.0,680.0,0.0,1.0,0.013709746715975038,,
15,3.0,96.0,1174.0,59.0,0.0039324236978862965,0.0009018629339576985,62.39290482473858,0.20063508994039728
1548,2.0,467.0,645.0,83.945,0.6411457486239157,0.17634520107691337,90.3825749289062,55.11839991373132
1576,2.0,62.0,622.0,99.0,0.04579863484737479,0.013031317494208631,106.19944845726533,4.7744460227611585
1582,0.0,0.0,641.0,0.0,1.0,0.014494211235407412,,
16,1.0,37.0,1174.0,59.0,0.05871150948493326,0.004813578880585196,69.90212915198805,1.2049994039097731
1613,3.0,620.0,1180.0,99.0,0.4233592254022119,0.09661813896422108,103.7200119754375,35.73966068196528
1621,2.0,50.0,600.0,104.935,0.03614078829188723,0.010634234929612933,112.43479514546272,4.114997690511185
1623,0.0,0.0,596.0,0.0,1.0,0.01551890011158342,,
1626,1.0,96.0,566.0,101.4,0.22616872285882714,0.037035375200560015,116.82226513014801,14.904178390620222
1628,0.0,0.0,562.0,0.0,1.0,0.016394713560128643,,
1632,4.0,542.0,721.0,107.4575,0.688940717466554,0.33195932165120884,111.17710716231693,128.04720228211687
1639,2.0,542.0,1054.0,120.68,0.4683475402349253,0.08087664907989997,128.97658682291305,37.07155328697313
17,13.0,398.0,1174.0,62.70769230769231,2.5157095586656805e-05,2.4285533181779427e-05,63.49886609609738,0.0054780368414502015
1704,1.0,566.0,1047.0,190.99,0.4702129949140976,0.04303922071145798,215.96318452362326,33.12507384406108
1705,0.0,0.0,480.0,0.0,1.0,0.018978324513888617,,
1757,4.0,105.0,471.0,124.35499999999999,0.026118339389679182,0.0186730168445087,128.49161320937858,8.073220284705114
1759,0.0,0.0,475.0,0.0,1.0,0.019162489987302467,,
1779,0.0,0.0,472.0,0.0,1.0,0.019274717118963825,,
1788,1.0,188.0,471.0,104.44,0.401237968255805,0.07784145368877089,120.18635035122361,31.8147894244678
1796,1.0,375.0,470.0,147.47,0.5758176806893534,0.11192819174458339,167.80364872717226,63.861001454901384
1797,10.0,1042.0,1096.0,124.133,0.9122552952368236,0.7255762169932254,125.76134273034853,323.21415038034735
1808,0.0,0.0,469.0,0.0,1.0,0.019388268196543715,,
1810,0.0,0.0,469.0,0.0,1.0,0.019388268196543715,,
1811,4.0,90.0,469.0,148.5,0.01609223499085164,0.011549687847354459,153.23247715412214,5.952909314911541
1814,2.0,62.0,468.0,198.0,0.07861643977376243,0.029090333316181292,210.20944376165286,20.668328001684802
1816,0.0,0.0,302.0,0.0,1.0,0.02885771105746164,,
1817,1.0,379.0,468.0,124.31,0.5796236672689418,0.11310888579099312,142.174631056083,54.66089592310669
1818,1.0,358.0,826.0,365.9,0.4143983963538187,0.04756772610430969,409.5198115033392,68.63071886896493
1831,0.0,0.0,467.0,0.0,1.0,0.01946471606950963,,
1832,0.0,0.0,467.0,0.0,1.0,0.01946471606950963,,
1849,2.0,47.0,334.0,99.0,0.09996662295376921,0.05010086594503894,106.19944845726533,17.47871673211631
1857,0.0,0.0,464.0,0.0,1.0,0.019580526436355678,,
187,0.0,0.0,676.0,0.0,1.0,0.01378627224658793,,
1870,2.0,59.0,438.0,99.0,0.08287319818487396,0.03257289464907296,106.19944845726533,11.630719272985312
19,3.0,96.0,1174.0,59.0,0.0039324236978862965,0.0009018629339576985,62.39290482473858,0.20063508994039728
1974,2.0,59.0,438.0,99.0,0.08287319818487396,0.03257289464907296,106.19944845726533,11.630719272985312
1979,0.0,0.0,455.0,0.0,1.0,0.019936387490679434,,
1980,0.0,0.0,453.0,0.0,1.0,0.020017233807551667,,
1983,1.0,39.0,453.0,168.85,0.15248183399503074,0.030655325282314287,191.4629059727633,19.90180408162789
1984,0.0,0.0,453.0,0.0,1.0,0.020017233807551667,,
1987,0.0,0.0,452.0,0.0,1.0,0.020057903682218173,,
2,11.0,1153.0,1240.0,127.88818181818182,0.8950994427233907,0.6948101205804471,129.40036354006182,320.2769474972433
20,14.0,430.0,1174.0,71.16428571428571,2.678258893087689e-05,2.7825648862750722e-05,71.95715023692763,0.007111874345886155
2005,0.0,0.0,451.0,0.0,1.0,0.020098739377301302,,
2010,5.0,151.0,438.0,99.0,0.05596280852672471,0.05310537977360423,101.7949156596868,18.056540298016227
21,11.0,310.0,1174.0,64.61636363636363,1.2728686444973479e-05,1.0414261233561218e-05,65.56952178197845,0.0024263717571260763
2100,2.0,59.0,438.0,99.0,0.08287319818487396,0.03257289464907296,106.19944845726533,11.630719272985312
22,3.0,96.0,1174.0,35.0,0.0039324236978862965,0.0009018629339576985,37.59664053431922,0.12089844792847448
2230,1.0,18.0,397.0,99.0,0.11576478927417189,0.026236002218977657,114.16640837666725,10.052629542136435
2232,1.0,16.0,395.0,184.75,0.11075716040154018,0.025215766435094437,209.0579569645733,17.685047241169258
2246,0.0,0.0,373.0,0.0,1.0,0.023894069500876115,,
2250,0.0,0.0,369.0,0.0,1.0,0.024127791915765903,,
2256,2.0,135.0,422.0,107.485,0.27914451780826877,0.11348160923220128,115.11384047906057,43.7894176153704
2257,1.0,763.0,1129.0,75.98,0.5296861523068682,0.04509342030939343,88.69231568286438,14.299654306697612
2258,0.0,0.0,366.0,0.0,1.0,0.02430611229881365,,
24,11.0,340.0,1174.0,66.27272727272727,3.316497750090605e-05,2.7134672614707107e-05,67.24051983774403,0.006483096811408619
25,1.0,30.0,1203.0,75.0,0.05029464411551575,0.004027609212887762,87.60784084185973,1.264871718507957
2544,0.0,0.0,336.0,0.0,1.0,0.026246202555558314,,
26,0.0,0.0,1202.0,0.0,1.0,0.007951449225733606,,
27,13.0,379.0,1196.0,65.76615384615386,1.08198575027329e-05,1.0260260393866207e-05,66.58016164747299,0.0024288108304645626
2738,0.0,0.0,319.0,0.0,1.0,0.027489925807723966,,
2739,0.0,0.0,319.0,0.0,1.0,0.027489925807723966,,
2742,0.0,0.0,314.0,0.0,1.0,0.027878532366903585,,
2760,0.0,0.0,295.0,0.0,1.0,0.029461416114658474,,
28,2.0,59.0,1196.0,75.0,0.011488907171207926,0.0017569977272117684,80.98490414105018,0.5085439229444626
2896,0.0,0.0,283.0,0.0,1.0,0.030557468949101406,,
29,3.0,115.0,1193.0,75.0,0.00591840961635103,0.001336515324637267,78.92374768501814,0.3763746104450888
3,7.0,725.0,1012.0,101.16714285714285,0.5440468458351256,0.32855191907010384,103.1826091797307,119.69345546125754
30,11.0,359.0,1193.0,66.27272727272727,4.905663394107392e-05,3.952213196644339e-05,67.24051983774403,0.009449851727040043
31,0.0,0.0,1189.0,0.0,1.0,0.008035488042906888,,
32,3.0,110.0,1187.0,35.0,0.0053625960378663115,0.0012168923968414816,37.59664053431922,0.1632088527031598
33,0.0,0.0,1184.0,0.0,1.0,0.008068285716157508,,
34,5.0,166.0,1183.0,32.4,0.0006645180691286889,0.0002484143186830748,33.88649969792796,0.02997502454871422
3402,2.0,93.0,189.0,104.39500000000001,0.4909183276704918,0.39968506218924904,111.86746789834788,138.7688836890373
3403,0.0,0.0,188.0,0.0,1.0,0.043337939451536446,,
3404,0.0,0.0,168.0,0.0,1.0,0.04753222354569797,,
3407,0.0,0.0,158.0,0.0,1.0,0.0499515370947307,,
3410,1.0,713.0,834.0,105.92,0.5924711991509932,0.06738838486094272,121.82412868253675,28.938008891561708
3411,3.0,97.0,115.0,105.98666666666666,0.7693667459995559,1.3530586753244418,110.93848002442624,438.42974377651456
3412,6.0,570.0,685.0,110.13166666666666,0.7770139591993549,0.5835463580061557,112.63480984465785,226.89086220295317
3413,0.0,0.0,112.0,0.0,1.0,0.06526984323153136,,
3417,1.0,17.0,122.0,130.15,0.29290905635116904,0.17799570650399132,148.6372158228862,79.1206651206568
3418,0.0,0.0,103.0,0.0,1.0,0.06945056721975851,,
3420,0.0,0.0,94.0,0.0,1.0,0.07421131974525139,,
3423,0.0,0.0,92.0,0.0,1.0,0.07536051406870463,,
3425,0.0,0.0,90.0,0.0,1.0,0.07654636759064223,,
3427,1.0,733.0,822.0,109.89,0.6033834194167084,0.06958084675950997,126.21735839558616,30.933507838545193
3428,1.0,764.0,852.0,76.2,0.6047893756661948,0.06740713151487339,88.9357692186001,21.154986249240565
3431,0.0,0.0,84.0,0.0,1.0,0.08034254631665436,,
3435,0.0,0.0,29.0,0.0,1.0,0.14883219639050926,,
3437,0.0,0.0,37.0,0.0,1.0,0.13219457932927847,,
3438,0.0,0.0,32.0,0.0,1.0,0.14210785020739114,,
35,4.0,135.0,1183.0,38.5,0.0016232340245887302,0.0004881873697781388,40.517835036839536,0.07048289408374885
36,0.0,0.0,1182.0,0.0,1.0,0.00808147989132401,,
37,2.0,68.0,1177.0,35.0,0.01473639219999105,0.002288667009907824,38.96066361402492,0.31846728065227153
38,2.0,64.0,1173.0,75.0,0.013517996556831021,0.0021063345325812812,80.98490414105018,0.6091491080830473
39,0.0,0.0,1163.0,0.0,1.0,0.008209011318152598,,
4,32.0,945.0,1232.0,90.4775,0.012977399860744932,0.029282852169106813,90.88135000797546,9.466312478628526
40,9.0,1034.0,1138.0,76.33999999999999,0.8677679144918782,0.5999411676764362,77.63411151411903,165.31298139553166
41,13.0,731.0,1138.0,92.2623076923077,0.0721839890118679,0.0717987171245856,93.27413178508183,23.754256851421914
42,2.0,61.0,1110.0,77.0,0.01406640920675302,0.0023113106001308504,83.08611616740144,0.6841060337461888
43,9.0,275.0,1110.0,47.44444444444444,8.069159904400883e-05,5.713657593204773e-05,48.42590874444522,0.009808763177238769
44,2.0,61.0,1110.0,64.0,0.01406640920675302,0.0023113106001308504,69.42823799611823,0.5716511821278979
45,2.0,61.0,1110.0,42.0,0.01406640920675302,0.0023113106001308504,46.314905706254336,0.3813429716969441
46,2.0,61.0,1110.0,42.0,0.01406640920675302,0.0023113106001308504,46.314905706254336,0.3813429716969441
47,4.0,122.0,1079.0,79.0,0.0016530906213069445,0.0005431080327660521,82.01731690729358,0.15804650853026297
48,6.0,670.0,1049.0,88.33166666666666,0.4173276424633289,0.20930352532497154,90.47907438450399,67.01339931951105
489,0.0,0.0,669.0,0.0,1.0,0.013922269272399763,,
49,3.0,683.0,1049.0,79.32666666666667,0.5841994529361051,0.1492752420948603,83.39396310848542,44.15610591727823
491,0.0,0.0,668.0,0.0,1.0,0.01394191690703201,,
492,5.0,153.0,652.0,99.0,0.00888249358602826,0.005844619740034455,101.7949156596868,2.048504031108539
4985,0.0,0.0,2.0,0.0,1.0,0.26454963303666085,,
5,2.0,58.0,1224.0,59.0,0.010681193825899762,0.0015974410104653662,64.17520793024008,0.36674876617154867
50,5.0,511.0,1192.0,85.396,0.11397609117725856,0.04229771975939539,87.92365303590651,13.247322487798634
51,3.0,92.0,957.0,69.0,0.006569202223586624,0.0018325504757746099,72.7246816124133,0.4705643262428335
511,0.0,0.0,667.0,0.0,1.0,0.013961620112530606,,
53,5.0,148.0,1012.0,55.2,0.0008707107631467681,0.0003780648615307397,57.134425883034595,0.07634024979526484
55,2.0,62.0,988.0,69.0,0.018260487139903567,0.0033547477664250275,74.68126806199639,0.8876380777355649
57,2.0,732.0,996.0,95.16,0.6459728182617585,0.11776382110330096,102.1651213666709,42.64319799565238
58,0.0,0.0,991.0,0.0,1.0,0.009577247447091037,,
59,0.0,0.0,988.0,0.0,1.0,0.009605172176383285,,
6,1.0,30.0,1219.0,75.0,0.049611852011820126,0.00392260095609972,87.60784084185973,1.2325417681922612
60,0.0,0.0,984.0,0.0,1.0,0.00964265953209343,,
61,1.0,73.0,901.0,74.99,0.12266128752371104,0.012962226204072981,87.59677477205355,4.01811619291614
62,0.0,0.0,977.0,0.0,1.0,0.009708971586634313,,
631,5.0,368.0,651.0,100.796,0.3469826375591434,0.2286396353627678,103.62619966970661,81.56993968142076
66,4.0,122.0,926.0,79.0,0.0030508139677133516,0.0011600300685765971,82.01731690729358,0.3349598270047075
67,0.0,0.0,945.0,0.0,1.0,0.010024108356404927,,
69,0.0,0.0,942.0,0.0,1.0,0.010054704861100905,,
7,11.0,324.0,1219.0,74.45363636363636,1.334487851509339e-05,1.0530531454095424e-05,75.49370946663227,0.0028297447736667994
716,2.0,61.0,652.0,99.0,0.04080072792994038,0.011109374928796389,106.19944845726533,4.082852493036785
75,2.0,61.0,896.0,69.0,0.021705699873030147,0.004377507707769649,74.68126806199639,1.1525307671538498
79,2.0,61.0,865.0,69.0,0.02329701257660887,0.004858481091596569,74.68126806199639,1.276776048496698
8,11.0,355.0,1219.0,65.36363636363636,3.450570206429259e-05,2.7228676568520654e-05,66.32339686531506,0.006428053843067732
84,0.0,0.0,468.0,0.0,1.0,0.01942641682807778,,
841,5.0,153.0,652.0,99.0,0.00888249358602826,0.005844619740034455,101.7949156596868,2.048504031108539
843,1.0,23.0,682.0,56.97,0.07721871606695759,0.010622731118933453,67.65571698133557,2.5050357420584968
85,1.0,206.0,1065.0,49.99,0.23405711971050483,0.02107580890911771,59.93160025662907,4.504840044431542
86,0.0,0.0,858.0,0.0,1.0,0.01099436143880434,,
89,13.0,1126.0,1183.0,75.86615384615385,0.921944327511836,0.8834958533132283,76.75556672533057,240.98072994551916
9,1.0,30.0,1215.0,59.0,0.04978089653222447,0.0039484716204364525,69.90212915198805,0.989799822297326
91,0.0,0.0,847.0,0.0,1.0,0.011130584109689319,,
95,0.0,0.0,832.0,0.0,1.0,0.011321878412342685,,
96,1.0,354.0,1186.0,47.97,0.32087790960610063,0.026051143297514387,57.69625415578276,5.384954192902032
97,0.0,0.0,823.0,0.0,1.0,0.011439845499764588,,
98,0.0,0.0,830.0,0.0,1.0,0.011347882487855301,,
99,0.0,0.0,829.0,0.0,1.0,0.011360929392133139,,
993,10.0,304.0,622.0,99.0,0.01759600344327737,0.023907522063292528,100.38386421105473,8.215220754218475
g-1216,0.0,0.0,654.0,0.0,1.0,0.014222928088062255,,
g-136,13.0,847.0,849.0,84.28923076923077,0.9557894936555279,1.25710406685835,85.24152907129708,374.1392569419556
g-137,0.0,0.0,762.0,0.0,1.0,0.012309156674398962,,
g-139,1.0,487.0,770.0,117.94,0.513336269491882,0.06297988039671963,135.12554458955285,29.869731060181035
g-140,0.0,0.0,781.0,0.0,1.0,0.012024541289327928,,
g-141,0.0,0.0,789.0,0.0,1.0,0.01190860483888578,,
g-142,0.0,0.0,794.0,0.0,1.0,0.011837273597716164,,
g-143,15.0,1065.0,1086.0,183.82533333333333,0.9506366593828356,1.1396979499950224,185.29323597861463,747.1695059956656
g-144,0.0,0.0,811.0,0.0,1.0,0.011601014671067032,,
g-145,0.0,0.0,820.0,0.0,1.0,0.011479716307779027,,
g-146,1.0,729.0,820.0,97.49,0.6026038004462619,0.06965185471327438,112.4954318359356,27.595112893346407
g-147,0.0,0.0,821.0,0.0,1.0,0.011466395179968074,,
g-148,2.0,361.0,1183.0,76.49000000000001,0.23509450444092822,0.03633350238940667,82.55030710068188,10.714616257028082
g-149,0.0,0.0,822.0,0.0,1.0,0.011453104946429895,,
g-151,0.0,0.0,822.0,0.0,1.0,0.011453104946429895,,
g-152,2.0,721.0,1174.0,83.305,0.5574517683587652,0.08678925918434793,89.7101870804738,27.804551215502997
g-153,1.0,366.0,822.0,76.97,0.42127919372149797,0.04858098860197775,89.78785659367517,15.364001039045402
g-154,0.0,0.0,811.0,0.0,1.0,0.011601014671067032,,
g-155,0.0,0.0,823.0,0.0,1.0,0.011439845499764588,,
g-156,0.0,0.0,812.0,0.0,1.0,0.011587410578348825,,
g-157,1.0,298.0,1122.0,47.99,0.2957268317000078,0.025327064353215016,57.718386295395106,5.225306635364992
g-159,1.0,1.0,825.0,74.99,0.03222458519143751,0.0037032352220268366,87.59677477205355,1.142807345465148
g-160,0.0,0.0,812.0,0.0,1.0,0.011587410578348825,,
g-161,0.0,0.0,824.0,0.0,1.0,0.011426616733072542,,
g-162,0.0,0.0,813.0,0.0,1.0,0.011573838369358812,,
g-163,0.0,0.0,813.0,0.0,1.0,0.011573838369358812,,
g-164,0.0,0.0,813.0,0.0,1.0,0.011573838369358812,,
g-165,0.0,0.0,814.0,0.0,1.0,0.011560297932087163,,
g-167,0.0,0.0,825.0,0.0,1.0,0.01141341853994721,,
g-168,0.0,0.0,825.0,0.0,1.0,0.01141341853994721,,
g-169,0.0,0.0,826.0,0.0,1.0,0.011400250814473547,,
g-170,0.0,0.0,826.0,0.0,1.0,0.011400250814473547,,
g-171,0.0,0.0,826.0,0.0,1.0,0.011400250814473547,,
g-172,0.0,0.0,826.0,0.0,1.0,0.011400250814473547,,
g-173,0.0,0.0,826.0,0.0,1.0,0.011400250814473547,,
g-174,1.0,247.0,826.0,130.0,0.3256950010431509,0.03738569149755035,148.47122477579362,19.55595139244758
g-176,0.0,0.0,826.0,0.0,1.0,0.011400250814473547,,
g-177,0.0,0.0,827.0,0.0,1.0,0.011387113451226123,,
g-179,0.0,0.0,829.0,0.0,1.0,0.011360929392133139,,
g-180,0.0,0.0,833.0,0.0,1.0,0.011308921035532665,,
g-1803,0.0,0.0,644.0,0.0,1.0,0.014430692273948883,,
g-1804,1.0,360.0,643.0,109.94,0.4823430338420171,0.07012391249832953,126.272688744617,30.75373100974932
g-1815,0.0,0.0,641.0,0.0,1.0,0.014494211235407412,,
g-182,4.0,560.0,850.0,114.7,0.5663727660499346,0.23361683633652094,118.59834166717529,97.08372678994364
g-183,1.0,263.0,1097.0,64.95,0.27462927435901946,0.024035563964726798,76.48644068665908,6.565010211488466
g-184,0.0,0.0,814.0,0.0,1.0,0.011560297932087163,,
g-1847,0.0,0.0,638.0,0.0,1.0,0.014558292257501338,,
g-1848,2.0,309.0,634.0,128.07,0.4488214720282909,0.1254476029409248,136.74056526028093,59.25433140963592
g-1849,0.0,0.0,633.0,0.0,1.0,0.014666363412229787,,
g-185,0.0,0.0,815.0,0.0,1.0,0.011546789155051642,,
g-1850,0.0,0.0,633.0,0.0,1.0,0.014666363412229787,,
g-1854,0.0,0.0,625.0,0.0,1.0,0.014842657296719224,,
g-1855,0.0,0.0,625.0,0.0,1.0,0.014842657296719224,,
g-1856,0.0,0.0,625.0,0.0,1.0,0.014842657296719224,,
g-1857,0.0,0.0,625.0,0.0,1.0,0.014842657296719224,,
g-1858,0.0,0.0,624.0,0.0,1.0,0.0148649927068187,,
g-1859,1.0,532.0,622.0,98.44,0.592991051280549,0.08893065648920159,113.54670846752174,34.998424374763694
g-186,0.0,0.0,816.0,0.0,1.0,0.011533311927288504,,
g-1863,0.0,0.0,615.0,0.0,1.0,0.01506908027906171,,
g-1864,0.0,0.0,364.0,0.0,1.0,0.024426466984992578,,
g-1865,0.0,0.0,614.0,0.0,1.0,0.015092103402184871,,
g-1868,0.0,0.0,611.0,0.0,1.0,0.015161597157801831,,
g-187,2.0,364.0,1180.0,100.0,0.2390122760857608,0.03702942920083414,107.25005447044097,14.18560651400279
g-1871,0.0,0.0,600.0,0.0,1.0,0.015421981632332934,,
g-1872,0.0,0.0,599.0,0.0,1.0,0.01544609749271641,,
g-1876,2.0,486.0,579.0,91.27000000000001,0.7068155414593089,0.21497980408742445,98.07826397541771,72.3889534641154
g-1877,0.0,0.0,578.0,0.0,1.0,0.015970560228101994,,
g-1879,0.0,0.0,574.0,0.0,1.0,0.01607452582377941,,
g-188,0.0,0.0,816.0,0.0,1.0,0.011533311927288504,,
g-1884,0.0,0.0,560.0,0.0,1.0,0.016449323590616658,,
g-1887,0.0,0.0,549.0,0.0,1.0,0.016756309502886264,,
g-1888,0.0,0.0,548.0,0.0,1.0,0.01678478700269794,,
g-1889,1.0,44.0,547.0,127.41,0.13830520761739426,0.023376565462808037,145.60511269599564,11.69835366780663
g-189,0.0,0.0,840.0,0.0,1.0,0.011219043595369703,,
g-1890,0.0,0.0,542.0,0.0,1.0,0.016957707656159577,,
g-1895,0.0,0.0,522.0,0.0,1.0,0.017560785114287974,,
g-190,1.0,719.0,840.0,103.6,0.5927770899415395,0.06696541442915957,119.25680048750534,28.160864002541796
g-1902,0.0,0.0,497.0,0.0,1.0,0.018377831754728517,,
g-1904,0.0,0.0,496.0,0.0,1.0,0.018412099783730655,,
g-1907,0.0,0.0,489.0,0.0,1.0,0.018655605811873557,,
g-191,0.0,0.0,817.0,0.0,1.0,0.011519866138353435,,
g-192,1.0,375.0,1216.0,49.99,0.32809463265424155,0.02600283011117042,59.93160025662907,5.588800639564173
g-194,1.0,358.0,817.0,277.67,0.41727074491423244,0.04839827163552671,311.8838776035031,53.15000276909494
g-1941,1.0,14.0,483.0,76.95,0.08682716575708295,0.016460549887407187,89.76572445406283,5.034061967445061
g-196,2.0,384.0,851.0,66.97,0.4066241672049486,0.08612445978794975,72.54853785524985,21.967213596367348
g-1968,0.0,0.0,481.0,0.0,1.0,0.018941915905117845,,
g-197,1.0,361.0,1213.0,160.99,0.3199844599144017,0.025420591150708376,182.76497510511385,16.660120730962525
g-198,0.0,0.0,818.0,0.0,1.0,0.011506451678317478,,
g-1999,0.0,0.0,479.0,0.0,1.0,0.01901487352539066,,
g-200,0.0,0.0,818.0,0.0,1.0,0.011506451678317478,,
g-201,0.0,0.0,855.0,0.0,1.0,0.011031181147063054,,
g-202,0.0,0.0,818.0,0.0,1.0,0.011506451678317478,,
g-2026,0.0,0.0,475.0,0.0,1.0,0.019162489987302467,,
g-2029,1.0,347.0,475.0,66.08,0.553179131619053,0.1064899961651329,77.73690657475626,28.168866209337118
g-203,1.0,1.0,859.0,80.0,0.03089174049634109,0.0034163581048718707,93.14087574494462,1.1233530579432702
g-2031,0.0,0.0,475.0,0.0,1.0,0.019162489987302467,,
g-2034,0.0,0.0,474.0,0.0,1.0,0.019199753359863445,,
g-204,0.0,0.0,819.0,0.0,1.0,0.011493068437762002,,
g-205,2.0,573.0,1040.0,81.19,0.5033672608421291,0.08804541856438165,87.48815536260733,27.358377129749
g-206,0.0,0.0,859.0,0.0,1.0,0.01098214278584907,,
g-2065,0.0,0.0,471.0,0.0,1.0,0.01931241921927917,,
g-207,0.0,0.0,865.0,0.0,1.0,0.010909397658477928,,
g-2070,0.0,0.0,470.0,0.0,1.0,0.019350269287190896,,
g-2072,0.0,0.0,470.0,0.0,1.0,0.019350269287190896,,
g-208,1.0,326.0,866.0,100.41,0.37890695574783945,0.04158139374791221,115.72672421933719,16.995146409244636
g-2085,0.0,0.0,469.0,0.0,1.0,0.019388268196543715,,
g-2089,0.0,0.0,468.0,0.0,1.0,0.01942641682807778,,
g-209,1.0,58.0,932.0,63.0,0.10046092526629431,0.010278941451381316,74.32855707445597,2.7081742780208584
g-2095,0.0,0.0,468.0,0.0,1.0,0.01942641682807778,,
g-210,0.0,0.0,880.0,0.0,1.0,0.010731684121145984,,
g-2100,0.0,0.0,467.0,0.0,1.0,0.01946471606950963,,
g-211,1.0,416.0,883.0,75.94,0.43518192223985747,0.0468810069434741,88.64805140363968,14.69212251912127
g-2110,0.0,0.0,467.0,0.0,1.0,0.01946471606950963,,
g-2111,1.0,370.0,467.0,208.62,0.574045528795863,0.11223996210381379,235.4726655919006,89.82084279841573
g-2113,1.0,184.0,467.0,114.43,0.39831102834786924,0.07787956265607296,131.24135408758727,34.73628112050947
g-2115,0.0,0.0,467.0,0.0,1.0,0.01946471606950963,,
g-212,0.0,0.0,893.0,0.0,1.0,0.010582285732406008,,
g-213,0.0,0.0,980.0,0.0,1.0,0.009680440746159997,,
g-2136,0.0,0.0,464.0,0.0,1.0,0.019580526436355678,,
g-214,0.0,0.0,980.0,0.0,1.0,0.009680440746159997,,
g-215,1.0,269.0,981.0,115.0,0.30429682522446616,0.029646343607065254,131.87212006653894,13.891575051927184
g-216,0.0,0.0,903.0,0.0,1.0,0.010470165506567902,,
g-2163,0.0,0.0,462.0,0.0,1.0,0.019658502991876162,,
g-217,0.0,0.0,990.0,0.0,1.0,0.009586537625773621,,
g-2176,0.0,0.0,461.0,0.0,1.0,0.01969772493387997,,
g-218,0.0,0.0,991.0,0.0,1.0,0.009577247447091037,,
g-2182,0.0,0.0,460.0,0.0,1.0,0.019737103900877618,,
g-2185,0.0,0.0,460.0,0.0,1.0,0.019737103900877618,,
g-219,0.0,0.0,1001.0,0.0,1.0,0.009485326798504758,,
g-220,3.0,94.0,1033.0,23.310000000000002,0.005500024775058103,0.0014262128314069193,25.518793469527466,0.12899983829069078
g-2201,0.0,0.0,459.0,0.0,1.0,0.019776640838910915,,
g-221,0.0,0.0,1004.0,0.0,1.0,0.009458093798336679,,
g-222,1.0,207.0,926.0,34.97,0.2632689901567551,0.02710375837504333,43.31036340776202,4.159662982930947
g-223,0.0,0.0,933.0,0.0,1.0,0.010147625820070894,,
g-224,0.0,0.0,934.0,0.0,1.0,0.010137216511972316,,
g-2240,0.0,0.0,457.0,0.0,1.0,0.019856192450443674,,
g-2245,0.0,0.0,457.0,0.0,1.0,0.019856192450443674,,
g-225,0.0,0.0,950.0,0.0,1.0,0.009973526040926143,,
g-2252,0.0,0.0,457.0,0.0,1.0,0.019856192450443674,,
g-2254,0.0,0.0,457.0,0.0,1.0,0.019856192450443674,,
g-226,0.0,0.0,1018.0,0.0,1.0,0.009333047394709342,,
g-2268,0.0,0.0,456.0,0.0,1.0,0.019896209054455063,,
g-227,0.0,0.0,962.0,0.0,1.0,0.009854187046462532,,
g-2277,0.0,0.0,455.0,0.0,1.0,0.019936387490679434,,
g-2279,0.0,0.0,454.0,0.0,1.0,0.01997672874405895,,
g-228,0.0,0.0,964.0,0.0,1.0,0.009834574415841454,,
g-2280,0.0,0.0,454.0,0.0,1.0,0.01997672874405895,,
g-2282,0.0,0.0,453.0,0.0,1.0,0.020017233807551667,,
g-2285,0.0,0.0,453.0,0.0,1.0,0.020017233807551667,,
g-2286,0.0,0.0,453.0,0.0,1.0,0.020017233807551667,,
g-2287,0.0,0.0,453.0,0.0,1.0,0.020017233807551667,,
g-2289,0.0,0.0,453.0,0.0,1.0,0.020017233807551667,,
g-229,1.0,365.0,974.0,82.72,0.3766213442946676,0.036944956302613775,96.15084673222282,12.618000119404805
g-2293,0.0,0.0,452.0,0.0,1.0,0.020057903682218173,,
g-2297,0.0,0.0,452.0,0.0,1.0,0.020057903682218173,,
g-230,0.0,0.0,976.0,0.0,1.0,0.009718519288597497,,
g-2307,0.0,0.0,451.0,0.0,1.0,0.020098739377301302,,
g-231,0.0,0.0,1018.0,0.0,1.0,0.009333047394709342,,
g-2313,0.0,0.0,451.0,0.0,1.0,0.020098739377301302,,
g-2315,0.0,0.0,451.0,0.0,1.0,0.020098739377301302,,
g-232,1.0,925.0,1018.0,95.73,0.6080752489316646,0.05717793703558435,110.54780355004972,22.49801973056176
g-2329,0.0,0.0,449.0,0.0,1.0,0.02018091230711063,,
g-233,0.0,0.0,1018.0,0.0,1.0,0.009333047394709342,,
g-234,0.0,0.0,1018.0,0.0,1.0,0.009333047394709342,,
g-2343,0.0,0.0,448.0,0.0,1.0,0.02022225160200048,,
g-235,0.0,0.0,1018.0,0.0,1.0,0.009333047394709342,,
g-236,0.0,0.0,1018.0,0.0,1.0,0.009333047394709342,,
g-237,0.0,0.0,1034.0,0.0,1.0,0.00919412693789093,,
g-238,5.0,908.0,1036.0,130.386,0.816175385712092,0.3465299615740116,133.79752141607963,164.05620392787228
g-239,0.0,0.0,1041.0,0.0,1.0,0.0091346416637903,,
g-240,0.0,0.0,1041.0,0.0,1.0,0.0091346416637903,,
g-241,0.0,0.0,1041.0,0.0,1.0,0.0091346416637903,,
g-242,0.0,0.0,1041.0,0.0,1.0,0.0091346416637903,,
g-243,0.0,0.0,1041.0,0.0,1.0,0.0091346416637903,,
g-244,1.0,365.0,1041.0,54.99,0.35983492016005136,0.033118320665234985,65.46463515971396,7.7246138537261615
g-245,0.0,0.0,1041.0,0.0,1.0,0.0091346416637903,,
g-246,0.0,0.0,1041.0,0.0,1.0,0.0091346416637903,,
g-247,0.0,0.0,1046.0,0.0,1.0,0.009092621416682897,,
g-249,0.0,0.0,1048.0,0.0,1.0,0.009075921397391575,,
g-250,0.0,0.0,1048.0,0.0,1.0,0.009075921397391575,,
g-251,0.0,0.0,1048.0,0.0,1.0,0.009075921397391575,,
g-252,0.0,0.0,1048.0,0.0,1.0,0.009075921397391575,,
g-254,0.0,0.0,1054.0,0.0,1.0,0.0090261874958402,,
g-255,1.0,86.0,1142.0,60.0,0.110659918807895,0.009317471292410659,71.00873613260502,2.366704209197823
g-2551,0.0,0.0,417.0,0.0,1.0,0.02159360779394305,,
g-2553,0.0,0.0,413.0,0.0,1.0,0.021784246002029186,,
g-256,0.0,0.0,1056.0,0.0,1.0,0.009009730467457188,,
g-2560,0.0,0.0,393.0,0.0,1.0,0.022790350062471418,,
g-257,0.0,0.0,1057.0,0.0,1.0,0.009001524443304392,,
g-2574,0.0,0.0,383.0,0.0,1.0,0.023329139526204093,,
g-2577,0.0,0.0,373.0,0.0,1.0,0.023894069500876115,,
g-258,0.0,0.0,1060.0,0.0,1.0,0.008976995840448674,,
g-2587,3.0,367.0,367.0,96.55,0.8373363628003213,0.5678811136797666,101.18872666245719,189.6814148283281
g-2589,0.0,0.0,364.0,0.0,1.0,0.024426466984992578,,
g-259,0.0,0.0,1060.0,0.0,1.0,0.008976995840448674,,
g-2593,0.0,0.0,357.0,0.0,1.0,0.024857279214340423,,
g-260,0.0,0.0,1062.0,0.0,1.0,0.008960717590718526,,
g-261,0.0,0.0,1062.0,0.0,1.0,0.008960717590718526,,
g-262,0.0,0.0,1062.0,0.0,1.0,0.008960717590718526,,
g-263,1.0,33.0,1095.0,60.0,0.05868472216574786,0.005145108095976607,71.00873613260502,1.30457460316457
g-264,0.0,0.0,1063.0,0.0,1.0,0.008952600590530716,,
g-265,2.0,1007.0,1064.0,127.59,0.7540342664851819,0.12903659877612483,136.23627437395663,62.50333911740369
g-266,0.0,0.0,1064.0,0.0,1.0,0.008944498286701586,,
g-267,0.0,0.0,1065.0,0.0,1.0,0.008936410639343079,,
g-268,0.0,0.0,1065.0,0.0,1.0,0.008936410639343079,,
g-269,0.0,0.0,1065.0,0.0,1.0,0.008936410639343079,,
g-270,0.0,0.0,1065.0,0.0,1.0,0.008936410639343079,,
g-271,0.0,0.0,1065.0,0.0,1.0,0.008936410639343079,,
g-272,0.0,0.0,1068.0,0.0,1.0,0.008912235239367565,,
g-273,0.0,0.0,1126.0,0.0,1.0,0.008469282478592667,,
g-274,0.0,0.0,1126.0,0.0,1.0,0.008469282478592667,,
g-275,0.0,0.0,1129.0,0.0,1.0,0.00844756599625664,,
g-276,0.0,0.0,1129.0,0.0,1.0,0.00844756599625664,,
g-277,1.0,9.0,1138.0,52.99,0.031237409572528838,0.0026390643969417316,63.25142119848,0.597022813189176
g-279,0.0,0.0,1131.0,0.0,1.0,0.008433150122981967,,
g-280,0.0,0.0,1134.0,0.0,1.0,0.008411618354203418,,
g-281,0.0,0.0,1136.0,0.0,1.0,0.008397324837317584,,
g-282,0.0,0.0,1079.0,0.0,1.0,0.008824700507696522,,
g-283,0.0,0.0,1092.0,0.0,1.0,0.008723442417756933,,
g-284,0.0,0.0,1104.0,0.0,1.0,0.008632014841995838,,
g-285,0.0,0.0,1139.0,0.0,1.0,0.008375975434825485,,
g-286,0.0,0.0,1141.0,0.0,1.0,0.008361802722761569,,
g-2862,0.0,0.0,337.0,0.0,1.0,0.026176545373354527,,
g-287,0.0,0.0,1142.0,0.0,1.0,0.008354734341929036,,
g-288,0.0,0.0,1143.0,0.0,1.0,0.008347677904057898,,
g-289,0.0,0.0,1148.0,0.0,1.0,0.008312573803914387,,
g-290,0.0,0.0,1165.0,0.0,1.0,0.008195397679640032,,
g-291,0.0,0.0,1169.0,0.0,1.0,0.008168305446607882,,
g-292,0.0,0.0,1173.0,0.0,1.0,0.0081413917883441,,
g-293,0.0,0.0,1179.0,0.0,1.0,0.00810135228454411,,
g-295,0.0,0.0,1180.0,0.0,1.0,0.008094717300620726,,
g-296,0.0,0.0,1182.0,0.0,1.0,0.00808147989132401,,
g-297,0.0,0.0,1182.0,0.0,1.0,0.00808147989132401,,
g-298,2.0,6.0,1188.0,54.995,0.0013285054761657308,0.00020448612789671411,59.96753084747167,0.04381361022718727
g-299,5.0,815.0,1212.0,166.172,0.5417983033377761,0.19787253142086494,170.28656906784394,120.11464897983771
g-300,0.0,0.0,1182.0,0.0,1.0,0.00808147989132401,,
g-301,0.0,0.0,1211.0,0.0,1.0,0.007894291070622134,,
g-302,0.0,0.0,1183.0,0.0,1.0,0.008074877412726535,,
g-303,0.0,0.0,1183.0,0.0,1.0,0.008074877412726535,,
g-304,0.0,0.0,1184.0,0.0,1.0,0.008068285716157508,,
g-305,0.0,0.0,1185.0,0.0,1.0,0.008061704775221888,,
g-306,0.0,0.0,1185.0,0.0,1.0,0.008061704775221888,,
g-307,0.0,0.0,1185.0,0.0,1.0,0.008061704775221888,,
g-308,2.0,1100.0,1185.0,122.88,0.7464853689737323,0.11518064659935444,131.28792005189942,54.0239527875092
g-3085,0.0,0.0,319.0,0.0,1.0,0.027489925807723966,,
g-3089,0.0,0.0,315.0,0.0,1.0,0.027799932435065348,,
g-309,0.0,0.0,1185.0,0.0,1.0,0.008061704775221888,,
g-3091,0.0,0.0,314.0,0.0,1.0,0.027878532366903585,,
g-3092,0.0,0.0,310.0,0.0,1.0,0.028197438804305346,,
g-310,0.0,0.0,1185.0,0.0,1.0,0.008061704775221888,,
g-311,0.0,0.0,1212.0,0.0,1.0,0.007887990860768782,,
g-312,0.0,0.0,1213.0,0.0,1.0,0.007881700701191537,,
g-313,0.0,0.0,1188.0,0.0,1.0,0.008042026223547815,,
g-314,0.0,0.0,1213.0,0.0,1.0,0.007881700701191537,,
g-315,0.0,0.0,1188.0,0.0,1.0,0.008042026223547815,,
g-316,1.0,871.0,1213.0,96.96,0.5457809336440643,0.04335858677552365,111.9089301362086,17.399604999394324
g-3161,1.0,100.0,290.0,96.09,0.3793762291074768,0.11363874631349354,110.94618206307184,41.18634292518662
g-3165,0.0,0.0,290.0,0.0,1.0,0.029908377311733108,,
g-317,0.0,0.0,1213.0,0.0,1.0,0.007881700701191537,,
g-318,0.0,0.0,1188.0,0.0,1.0,0.008042026223547815,,
g-319,0.0,0.0,1213.0,0.0,1.0,0.007881700701191537,,
g-320,0.0,0.0,1213.0,0.0,1.0,0.007881700701191537,,
g-321,0.0,0.0,1213.0,0.0,1.0,0.007881700701191537,,
g-322,0.0,0.0,1213.0,0.0,1.0,0.007881700701191537,,
g-323,0.0,0.0,1189.0,0.0,1.0,0.008035488042906888,,
g-324,0.0,0.0,1190.0,0.0,1.0,0.008028960487205963,,
g-325,0.0,0.0,1190.0,0.0,1.0,0.008028960487205963,,
g-326,0.0,0.0,1191.0,0.0,1.0,0.008022443530560641,,
g-327,0.0,0.0,1191.0,0.0,1.0,0.008022443530560641,,
g-3270,0.0,0.0,282.0,0.0,1.0,0.030652510143584617,,
g-328,2.0,734.0,1191.0,305.17,0.5591256191132347,0.08585285772683962,322.80289019368536,99.03026231097905
g-329,0.0,0.0,1194.0,0.0,1.0,0.008002955997378563,,
g-330,0.0,0.0,1195.0,0.0,1.0,0.007996481179791782,,
g-331,0.0,0.0,1197.0,0.0,1.0,0.007983562931899084,,
g-332,0.0,0.0,1198.0,0.0,1.0,0.007977119450905925,,
g-333,0.0,0.0,1199.0,0.0,1.0,0.007970686364893054,,
g-334,0.0,0.0,1200.0,0.0,1.0,0.007964263648718032,,
g-335,0.0,0.0,1202.0,0.0,1.0,0.007951449225733606,,
g-336,0.0,0.0,1204.0,0.0,1.0,0.007938675982445517,,
g-337,0.0,0.0,1204.0,0.0,1.0,0.007938675982445517,,
g-338,0.0,0.0,1205.0,0.0,1.0,0.007932304741193707,,
g-339,0.0,0.0,1209.0,0.0,1.0,0.007906921737675975,,
g-343,0.0,0.0,727.0,0.0,1.0,0.012870347293575479,,
g-345,0.0,0.0,725.0,0.0,1.0,0.012903965836151887,,
g-3468,0.0,0.0,269.0,0.0,1.0,0.031944289285765586,,
g-347,0.0,0.0,714.0,0.0,1.0,0.01309205486230959,,
g-349,0.0,0.0,700.0,0.0,1.0,0.01333952604625658,,
g-351,0.0,0.0,693.0,0.0,1.0,0.013466805697375614,,
g-352,0.0,0.0,692.0,0.0,1.0,0.01348518717749919,,
g-353,0.0,0.0,689.0,0.0,1.0,0.013540634125534672,,
g-3535,0.0,0.0,265.0,0.0,1.0,0.03236402375558794,,
g-3549,1.0,6.0,263.0,127.36,0.1204097676768457,0.03925796458617914,145.5497823469648,18.49721018422815
g-3555,0.0,0.0,262.0,0.0,1.0,0.03268615926324944,,
g-357,0.0,0.0,682.0,0.0,1.0,0.01367180186135858,,
g-361,0.0,0.0,680.0,0.0,1.0,0.013709746715975038,,
g-363,0.0,0.0,677.0,0.0,1.0,0.013767060831781388,,
g-3767,0.0,0.0,192.0,0.0,1.0,0.04258681916431104,,
g-3769,0.0,0.0,188.0,0.0,1.0,0.043337939451536446,,
g-3772,0.0,0.0,183.0,0.0,1.0,0.04431515400385062,,
g-3773,0.0,0.0,183.0,0.0,1.0,0.04431515400385062,,
g-3774,0.0,0.0,175.0,0.0,1.0,0.04597436664699596,,
g-3775,0.0,0.0,175.0,0.0,1.0,0.04597436664699596,,
g-3776,0.0,0.0,172.0,0.0,1.0,0.04662925977524734,,
g-3777,0.0,0.0,172.0,0.0,1.0,0.04662925977524734,,
g-3782,0.0,0.0,158.0,0.0,1.0,0.0499515370947307,,
g-3785,0.0,0.0,157.0,0.0,1.0,0.05020717823529652,,
g-3786,0.0,0.0,152.0,0.0,1.0,0.05152595843449788,,
g-3789,0.0,0.0,123.0,0.0,1.0,0.0608027188914163,,
g-3791,0.0,0.0,119.0,0.0,1.0,0.06235385001399451,,
g-3792,0.0,0.0,115.0,0.0,1.0,0.06398705005869615,,
g-3794,0.0,0.0,115.0,0.0,1.0,0.06398705005869615,,
g-3797,0.0,0.0,110.0,0.0,1.0,0.06615432140941434,,
g-3799,0.0,0.0,108.0,0.0,1.0,0.06706337554609917,,
g-3804,0.0,0.0,100.0,0.0,1.0,0.07096727897751812,,
g-3805,0.0,0.0,100.0,0.0,1.0,0.07096727897751812,,
g-3808,0.0,0.0,97.0,0.0,1.0,0.0725525909509364,,
g-3809,0.0,0.0,96.0,0.0,1.0,0.07309709235661842,,
g-3812,0.0,0.0,94.0,0.0,1.0,0.07421131974525139,,
g-3813,0.0,0.0,93.0,0.0,1.0,0.07478144279662823,,
g-3814,0.0,0.0,92.0,0.0,1.0,0.07536051406870463,,
g-3816,0.0,0.0,92.0,0.0,1.0,0.07536051406870463,,
g-3817,0.0,0.0,91.0,0.0,1.0,0.0759487483898931,,
g-3818,0.0,0.0,91.0,0.0,1.0,0.0759487483898931,,
g-3819,0.0,0.0,91.0,0.0,1.0,0.0759487483898931,,
g-3820,0.0,0.0,91.0,0.0,1.0,0.0759487483898931,,
g-3822,0.0,0.0,90.0,0.0,1.0,0.07654636759064223,,
g-3824,0.0,0.0,90.0,0.0,1.0,0.07654636759064223,,
g-3825,0.0,0.0,90.0,0.0,1.0,0.07654636759064223,,
g-3826,0.0,0.0,90.0,0.0,1.0,0.07654636759064223,,
g-3828,0.0,0.0,89.0,0.0,1.0,0.0771536007935371,,
g-3829,0.0,0.0,89.0,0.0,1.0,0.0771536007935371,,
g-3830,0.0,0.0,86.0,0.0,1.0,0.07903539153225317,,
g-3833,0.0,0.0,85.0,0.0,1.0,0.07968352881107095,,
g-3834,0.0,0.0,85.0,0.0,1.0,0.07968352881107095,,
g-3836,0.0,0.0,84.0,0.0,1.0,0.08034254631665436,,
g-3839,0.0,0.0,78.0,0.0,1.0,0.0845415179919416,,
g-3842,0.0,0.0,63.0,0.0,1.0,0.0972950093332266,,
g-3845,0.0,0.0,45.0,0.0,1.0,0.11898792450536678,,
g-3846,0.0,0.0,41.0,0.0,1.0,0.12523384828127915,,
g-3847,0.0,0.0,41.0,0.0,1.0,0.12523384828127915,,
g-3851,0.0,0.0,32.0,0.0,1.0,0.14210785020739114,,
g-3852,0.0,0.0,26.0,0.0,1.0,0.1562522217129898,,
g-3853,0.0,0.0,21.0,0.0,1.0,0.17049735055022042,,
g-3854,0.0,0.0,20.0,0.0,1.0,0.17367896997514023,,
g-3855,0.0,0.0,18.0,0.0,1.0,0.18043065127008323,,
g-3858,0.0,0.0,11.0,0.0,1.0,0.20915320268191448,,
g-3859,0.0,0.0,9.0,0.0,1.0,0.21923616827127146,,
g-404,2.0,580.0,676.0,143.06,0.715507505523032,0.1883341617084387,152.48914939778368,99.61434539108986
g-561,0.0,0.0,673.0,0.0,1.0,0.013844229763947731,,
g-639,0.0,0.0,670.0,0.0,1.0,0.013902676973716156,,
