Order ID,Order Created At,Net,Total Items,Total Shipping,_anomaly,_score
13755,2026-03-14 16:50:20,101.33,4,38.37,1,-0.4437710585588246
13729,2026-03-12 20:21:29,93.47,4,52.0,1,-0.4589330663748203
13727,2026-03-12 08:53:47,93.42,4,49.46,1,-0.45026614037679596
13649,2026-03-08 07:48:46,104.41,5,49.46,1,-0.46561847388700023
13647,2026-03-05 20:33:34,145.17,7,47.73,1,-0.5079974948429149
13621,2026-03-03 01:09:48,97.34,1,37.35,1,-0.4479665847314401
13594,2026-02-24 21:48:00,116.81,6,45.36,1,-0.4580270760554117
13593,2026-02-24 15:52:39,116.0,6,41.06,1,-0.453564915665433
13590,2026-02-22 20:34:16,86.03,4,37.07,1,-0.44440877409489415
13589,2026-02-21 20:48:25,81.5,2,51.52,1,-0.4934210590109721
13588,2026-02-21 11:35:15,318.42,14,118.56,-1,-0.7191693767046465
13537,2026-02-16 14:44:45,73.18,2,46.2,1,-0.4810268707397392
13536,2026-02-13 14:35:47,94.43,2,37.07,1,-0.473426275896095
13510,2026-02-10 23:28:40,117.38,3,57.41,1,-0.5098585949430574
13509,2026-02-10 08:57:40,97.13,1,37.14,1,-0.4483964253839005
13472,2026-02-05 17:56:14,136.76,6,50.09,1,-0.49391107726179606
13471,2026-02-01 09:34:58,131.18,6,57.24,1,-0.5095354196167341
13470,2026-02-01 06:42:14,82.02,4,37.0,1,-0.44828279587004627
13419,2026-01-28 14:50:25,120.98,7,43.69,1,-0.48682969708536245
13292,2026-01-19 09:35:43,119.98,6,46.03,1,-0.4602938279471595
13266,2026-01-17 11:54:59,81.92,3,36.94,1,-0.4517342351514492
13264,2026-01-16 14:43:34,126.18,6,42.96,1,-0.4679207504233663
13263,2026-01-16 14:39:12,95.85,5,40.9,1,-0.44800429767044453
13262,2026-01-16 12:36:21,72.94,2,36.94,1,-0.4725762397732666
13208,2026-01-10 18:42:24,74.15,2,42.17,1,-0.4704571773695931
12906,2025-12-26 13:13:24,96.16,1,36.17,1,-0.44915560238854124
12753,2025-12-20 13:34:11,218.34,9,37.43,1,-0.5764275296178645
12752,2025-12-20 03:41:54,106.38,5,37.43,1,-0.45347648409482444
12726,2025-12-19 17:01:21,104.31,1,44.32,1,-0.4656936221906209
12725,2025-12-19 15:50:00,179.73,3,73.75,1,-0.5899929048982647
12724,2025-12-19 12:17:51,111.38,5,37.43,1,-0.45480341285108156
12723,2025-12-19 11:00:57,64.9,3,37.43,1,-0.46095338886470155
12722,2025-12-19 00:01:26,121.22,1,41.23,1,-0.4655030119539076
12721,2025-12-18 17:25:33,151.47,4,37.5,1,-0.4996438498283658
12720,2025-12-17 16:13:20,146.78,1,66.79,1,-0.5650233915646752
12719,2025-12-16 16:55:38,76.2,3,41.23,1,-0.4508369513748472
12718,2025-12-16 16:51:13,63.97,3,37.5,1,-0.4621813033690851
12717,2025-12-15 17:10:19,117.49,1,37.5,1,-0.45706069397533267
12716,2025-12-15 15:01:19,123.08,3,44.11,1,-0.4778800358964476
12715,2025-12-15 14:49:20,101.49,1,37.5,1,-0.44971631097665404
12714,2025-12-15 14:38:00,124.31,5,46.84,1,-0.46548968668369917
12712,2025-12-15 11:49:02,109.89,1,49.9,1,-0.481399626805332
12685,2025-12-14 19:51:58,128.62,1,48.63,1,-0.4889975535871912
12684,2025-12-14 14:55:55,103.59,6,41.23,1,-0.4560218176585677
12683,2025-12-14 14:45:14,75.49,3,37.5,1,-0.4479927897191742
12680,2025-12-14 13:49:11,93.75,4,52.79,1,-0.46446316447277974
12679,2025-12-14 09:45:22,107.39,1,47.4,1,-0.4776460403127186
12678,2025-12-14 09:03:35,99.49,7,37.5,1,-0.4879246671271946
12677,2025-12-14 08:40:17,98.44,6,37.5,1,-0.4585001748575498
12651,2025-12-13 19:48:33,97.49,1,37.5,1,-0.4474126109606039
12650,2025-12-13 15:17:24,97.49,1,37.5,1,-0.4474126109606039
12649,2025-12-13 14:42:42,98.96,1,38.97,1,-0.44530695480212695
12645,2025-12-13 13:33:17,156.91,9,53.5,1,-0.5421732042732762
12643,2025-12-13 13:13:40,135.99,3,37.5,1,-0.491400901404383
12613,2025-12-12 15:45:26,146.78,1,66.79,1,-0.5650233915646752
12612,2025-12-12 15:05:51,84.86,3,48.63,1,-0.46138569133770446
12611,2025-12-12 11:15:11,124.89,1,44.9,1,-0.4781324923314277
12610,2025-12-12 08:04:40,135.28,9,56.36,1,-0.5420800912734427
12584,2025-12-11 20:32:40,96.45,5,42.5,1,-0.448215869163503
12583,2025-12-11 17:22:16,65.5,2,37.5,1,-0.47968317588256304
12582,2025-12-11 06:53:22,95.73,5,37.5,1,-0.4487356010044763
12556,2025-12-10 21:33:20,65.97,3,37.5,1,-0.4620604058523657
12555,2025-12-10 13:34:11,87.95,4,41.23,1,-0.44206817960175193
12518,2025-12-09 11:51:29,78.23,3,43.26,1,-0.4510348344363534
12517,2025-12-09 11:38:09,69.24,3,39.52,1,-0.4580622192794551
12516,2025-12-08 17:36:15,108.86,4,44.9,1,-0.4487253294163213
12515,2025-12-08 17:14:16,117.49,1,37.5,1,-0.45706069397533267
12514,2025-12-08 13:00:47,117.49,1,37.5,1,-0.45706069397533267
12488,2025-12-07 11:30:11,128.62,1,48.63,1,-0.4889975535871912
12487,2025-12-07 10:56:57,208.62,4,87.4,-1,-0.6087032478330929
12486,2025-12-07 08:53:23,150.14,9,60.23,1,-0.5538216047983183
12433,2025-12-04 14:10:47,81.58,4,41.62,1,-0.4512748249204156
12432,2025-12-04 12:42:23,104.71,6,43.0,1,-0.4566350284805541
12431,2025-12-04 12:36:02,100.96,4,43.0,1,-0.4417745962074501
12404,2025-12-03 15:31:10,112.03,4,57.07,1,-0.492631936887745
12403,2025-12-03 15:10:29,100.28,4,45.32,1,-0.44261195470185344
12402,2025-12-03 14:42:38,108.26,4,53.3,1,-0.47188720766391273
12376,2025-12-01 14:08:46,101.75,11,,-1,-0.6351744550718937
12370,2025-11-30 11:24:26,103.93,9,,-1,-0.6085807564209813
12369,2025-11-29 18:07:34,130.15,11,,-1,-0.653469168563205
11940,2025-11-26 14:27:37,47.97,3,49.71,1,-0.5161410515690228
11939,2025-11-26 14:21:04,47.97,3,49.71,1,-0.5161410515690228
11938,2025-11-24 10:45:43,107.44,7,,1,-0.5977702887470947
11912,2025-11-23 11:24:49,100.16,10,,-1,-0.6272896739637009
11883,2025-11-22 13:28:03,94.04,3,49.07,1,-0.4597501069363038
11882,2025-11-22 13:21:48,85.41,3,42.44,1,-0.45065597524868106
11881,2025-11-22 11:39:11,106.11,5,46.16,1,-0.45648690627297195
11880,2025-11-22 05:26:43,215.63,4,70.72,1,-0.5957313967480238
11829,2025-11-20 11:16:25,125.39,12,,-1,-0.6654966462126768
11803,2025-11-19 14:55:36,105.93,7,,1,-0.5965581897069069
11802,2025-11-19 12:47:39,101.93,7,,1,-0.5956679001299312
11801,2025-11-19 09:46:14,67.41,3,44.9,1,-0.4767559639744907
11800,2025-11-19 09:17:48,130.0,1,,1,-0.5492012697271131
11721,2025-11-15 10:42:09,65.8,2,39.82,1,-0.4803422957029574
11720,2025-11-13 13:26:51,105.92,4,48.45,1,-0.4523205864161546
11719,2025-11-13 07:48:21,103.6,9,41.18,1,-0.5087076360252184
11693,2025-11-12 19:18:36,120.9,6,48.45,1,-0.4734036429767547
11664,2025-11-11 11:29:20,62.42,3,36.1,1,-0.4688566787554533
11638,2025-11-10 13:16:16,117.04,6,36.1,1,-0.4710359318912477
11636,2025-11-06 19:34:13,66.08,2,36.1,1,-0.48187778311207485
11635,2025-11-06 12:19:11,135.92,5,35.97,1,-0.49062644712148545
11533,2025-10-31 14:46:27,99.93,4,35.97,1,-0.45026156001699724
11152,2025-10-13 13:50:43,86.75,4,42.79,1,-0.4431706537890522
11076,2025-10-08 15:10:29,98.8,4,35.33,1,-0.453878945189464
11075,2025-10-07 16:00:30,183.32,1,53.32,1,-0.5653294427548579
11074,2025-10-07 09:54:59,158.48,1,47.98,1,-0.5301591533239246
10864,2025-09-27 19:29:39,126.79,6,57.34,1,-0.5072102964411378
10812,2025-09-23 15:42:48,90.76,3,42.79,1,-0.44861837356993933
10811,2025-09-23 10:01:44,103.07,4,39.11,1,-0.44404757490591923
10732,2025-09-20 12:09:57,95.78,3,47.81,1,-0.45821071170348426
10731,2025-09-20 11:01:55,55.1,1,39.11,1,-0.46576250479198
10730,2025-09-17 09:13:06,76.19,2,44.21,1,-0.47171023428574876
10704,2025-09-16 11:12:06,89.13,4,39.17,1,-0.43916501518214945
10628,2025-09-12 20:30:28,71.15,2,39.17,1,-0.46782725174504375
10627,2025-09-12 19:57:42,59.15,2,39.17,1,-0.48541194868930226
10550,2025-09-07 13:49:34,88.05,3,50.08,1,-0.4609640440914033
10549,2025-09-07 00:04:16,87.95,4,40.38,1,-0.44321553886407866
10523,2025-09-06 15:17:59,110.36,4,46.4,1,-0.45168886207311476
10497,2025-09-05 15:21:50,96.09,4,44.13,1,-0.4427371233340358
10494,2025-09-03 14:56:12,99.34,5,50.08,1,-0.4637259678556473
10468,2025-09-01 11:36:06,169.97,11,50.08,1,-0.5641020408272419
9633,2025-06-30 13:18:24,127.36,7,67.43,1,-0.5466296938870171
9606,2025-06-29 08:04:55,292.31,14,92.45,-1,-0.6942793929226743
9580,2025-06-28 15:46:57,74.12,3,43.15,1,-0.4536040093849202
9579,2025-06-28 15:42:05,82.39,4,39.43,1,-0.44422343213884957
9578,2025-06-28 09:47:19,114.24,7,46.8,1,-0.4867056910311315
9527,2025-06-25 10:39:16,68.38,2,46.4,1,-0.48750776347133634
9526,2025-06-24 14:11:38,64.06,5,39.11,1,-0.4801975267665308
9525,2025-06-23 11:41:30,116.35,5,46.4,1,-0.4546935317271959
9524,2025-06-22 13:02:57,180.08,1,50.08,1,-0.5578430945228398
9440,2025-06-18 15:52:57,130.34,6,46.4,1,-0.47377913155204704
9439,2025-06-18 12:15:25,85.11,2,53.13,1,-0.4999408827062591
9388,2025-06-15 08:51:56,157.66,13,42.79,1,-0.574083593036929
9236,2025-06-05 18:28:26,86.56,3,38.59,1,-0.4488765893998634
9209,2025-06-04 22:02:45,114.43,9,,-1,-0.6187511802912248
9208,2025-06-04 21:20:25,122.39,12,,-1,-0.6614827830742376
9207,2025-06-04 19:25:44,117.94,8,,-1,-0.6169211662789038
9206,2025-06-04 18:05:22,109.94,6,,1,-0.5969619493879416
9205,2025-06-04 17:12:14,104.44,8,,-1,-0.604177143065065
9204,2025-06-04 16:56:27,107.98,7,,1,-0.5977702887470947
9142,2025-06-01 07:53:43,99.0,1,,1,-0.3892279892444375
9141,2025-05-31 23:00:46,99.0,1,,1,-0.3892279892444375
9139,2025-05-31 23:00:31,99.0,1,,1,-0.3892279892444375
9138,2025-05-31 23:00:26,99.0,1,,1,-0.3892279892444375
9137,2025-05-31 23:00:21,99.0,1,,1,-0.3892279892444375
9135,2025-05-31 23:00:05,99.0,1,,1,-0.3892279892444375
9109,2025-05-31 21:16:26,74.57,2,38.59,1,-0.4672782804678364
9108,2025-05-31 21:11:56,76.56,3,38.59,1,-0.44807049963723267
9082,2025-05-30 14:21:42,94.71,5,45.76,1,-0.4544963327560339
9081,2025-05-30 12:43:12,90.72,5,45.76,1,-0.45697819964853514
9055,2025-05-29 13:51:30,99.84,5,55.89,1,-0.4838576431267693
9025,2025-05-28 19:13:48,172.64,10,120.1,-1,-0.6318423151685159
9024,2025-05-28 16:10:09,92.73,3,45.76,1,-0.45082980903029307
9023,2025-05-28 15:36:33,76.94,3,98.59,1,-0.5747028242169598
9020,2025-05-28 14:35:39,60.95,2,82.93,1,-0.5874546464485142
8890,2025-05-23 18:48:12,155.99,5,101.03,1,-0.594129304515347
8732,2025-05-16 16:15:40,49.51,2,38.53,1,-0.5091670104431534
8603,2025-05-11 14:51:02,155.84,5,55.89,1,-0.5146061901456739
8577,2025-05-10 16:17:46,129.3,8,49.38,1,-0.5185155492109307
8526,2025-05-08 06:08:38,157.49,5,43.53,1,-0.4920245676574246
8500,2025-05-07 14:45:49,110.21,1,42.21,1,-0.4627253974332562
8497,2025-05-06 13:14:28,86.56,3,38.59,1,-0.4488765893998634
8470,2025-05-04 13:15:38,197.69,14,75.83,-1,-0.642251886199488
8469,2025-05-04 07:02:08,174.59,2,38.59,1,-0.5323617883845159
8468,2025-05-04 03:26:06,176.58,2,68.59,1,-0.5851486209390158
8442,2025-05-03 11:50:56,111.63,1,57.23,1,-0.5168241481487001
8441,2025-05-03 11:30:15,117.38,1,49.38,1,-0.48184738780745234
8379,2025-04-30 23:00:57,99.0,1,,1,-0.3892279892444375
8378,2025-04-30 23:00:52,99.0,1,,1,-0.3892279892444375
8377,2025-04-30 23:00:48,99.0,1,,1,-0.3892279892444375
8376,2025-04-30 23:00:38,99.0,1,,1,-0.3892279892444375
8375,2025-04-30 23:00:33,99.0,1,,1,-0.3892279892444375
8374,2025-04-30 23:00:28,99.0,1,,1,-0.3892279892444375
8373,2025-04-30 23:00:08,99.0,1,,1,-0.3892279892444375
8317,2025-04-29 20:36:18,106.59,1,38.59,1,-0.4494427636747354
8301,2025-04-29 14:21:49,127.91,1,59.91,1,-0.5328805290880918
8300,2025-04-29 06:09:00,106.59,1,38.59,1,-0.4494427636747354
8198,2025-04-23 20:50:27,113.62,7,45.68,1,-0.482731581128382
8145,2025-04-21 13:18:40,75.3,4,38.53,1,-0.4519501272003351
7988,2025-04-14 10:11:38,99.0,1,,1,-0.3892279892444375
7962,2025-04-13 08:47:12,79.24,5,42.29,1,-0.46347133333232376
7936,2025-04-12 13:00:13,76.8,4,45.84,1,-0.4632020248809975
7910,2025-04-11 16:04:40,87.97,2,55.99,1,-0.5123196470876081
7778,2025-04-06 18:11:50,96.96,3,55.99,1,-0.4883447145734391
7700,2025-03-31 23:01:00,99.0,1,,1,-0.3892279892444375
7699,2025-03-31 23:00:50,99.0,1,,1,-0.3892279892444375
7697,2025-03-31 23:00:41,99.0,1,,1,-0.3892279892444375
7696,2025-03-31 23:00:35,99.0,1,,1,-0.3892279892444375
7695,2025-03-31 23:00:29,99.0,1,,1,-0.3892279892444375
7694,2025-03-31 23:00:06,99.0,1,,1,-0.3892279892444375
7492,2025-03-22 16:22:04,154.99,11,52.23,1,-0.5612405611248279
7491,2025-03-22 11:01:29,139.11,10,42.21,1,-0.5282877116793548
7337,2025-03-15 13:05:09,69.98,2,,1,-0.5732411956749173
7336,2025-03-15 11:36:05,107.04,6,56.1,1,-0.49452146620704057
7282,2025-03-13 18:33:24,59.99,1,,1,-0.4256026746195998
7281,2025-03-13 18:16:43,99.98,2,,1,-0.5712485719465602
7280,2025-03-13 17:59:54,59.99,1,,1,-0.4256026746195998
7278,2025-03-13 16:59:12,75.98,2,83.41,1,-0.5795602867811055
7277,2025-03-13 16:31:45,200.42,11,,-1,-0.6939214138692854
7276,2025-03-13 14:12:42,115.97,3,,-1,-0.6139697752757315
7246,2025-03-12 12:38:10,99.25,5,38.79,1,-0.4434169628190168
7193,2025-03-10 14:50:41,113.23,7,38.79,1,-0.4801067043232543
7092,2025-03-06 19:36:06,96.66,4,43.69,1,-0.4401495529359276
7091,2025-03-06 16:58:00,98.78,4,49.82,1,-0.45293587624114307
7014,2025-03-01 14:48:27,184.06,14,46.16,-1,-0.6043024031452259
7013,2025-02-28 22:02:17,99.0,1,,1,-0.3892279892444375
7012,2025-02-28 22:02:12,99.0,1,,1,-0.3892279892444375
7011,2025-02-28 22:02:07,99.0,1,,1,-0.3892279892444375
7010,2025-02-28 22:01:24,99.0,1,,1,-0.3892279892444375
7009,2025-02-28 22:01:20,99.0,1,,1,-0.3892279892444375
7008,2025-02-28 22:01:16,99.0,1,,1,-0.3892279892444375
7007,2025-02-28 22:01:12,99.0,1,,1,-0.3892279892444375
7006,2025-02-28 22:00:22,99.0,1,,1,-0.3892279892444375
7004,2025-02-28 22:00:15,99.0,1,,1,-0.3892279892444375
7003,2025-02-28 22:00:11,99.0,1,,1,-0.3892279892444375
7002,2025-02-28 22:00:06,99.0,1,,1,-0.3892279892444375
7001,2025-02-28 21:58:31,184.75,9,49.82,1,-0.5475085477897531
6975,2025-02-26 16:20:56,118.87,5,38.92,1,-0.4517432896881381
6947,2025-02-24 04:38:01,102.03,5,42.57,1,-0.4480097224951347
6745,2025-02-16 20:53:23,100.01,4,60.05,1,-0.5031421199793529
6694,2025-02-14 11:35:10,215.15,8,79.23,-1,-0.6129690537618088
6689,2025-02-12 12:48:27,123.74,8,49.82,1,-0.5162196016254872
6688,2025-02-11 23:42:56,86.89,3,38.92,1,-0.4486249211021673
6636,2025-02-10 14:06:11,99.0,1,,1,-0.3892279892444375
6635,2025-02-10 10:43:02,222.74,11,52.85,1,-0.5936631102397234
6634,2025-02-10 09:15:31,136.71,3,83.73,1,-0.5747843387269076
6633,2025-02-09 22:39:18,102.51,6,42.57,1,-0.45451197089056206
6454,2025-02-01 09:02:04,99.0,1,,1,-0.3892279892444375
6453,2025-02-01 08:56:07,99.0,1,,1,-0.3892279892444375
6451,2025-01-31 22:03:14,99.0,1,,1,-0.3892279892444375
6450,2025-01-31 22:03:13,99.0,1,,1,-0.3892279892444375
6448,2025-01-31 22:03:05,99.0,1,,1,-0.3892279892444375
6447,2025-01-31 22:02:17,99.0,1,,1,-0.3892279892444375
6446,2025-01-31 22:02:12,99.0,1,,1,-0.3892279892444375
6445,2025-01-31 22:02:07,99.0,1,,1,-0.3892279892444375
6444,2025-01-31 22:01:21,99.0,1,,1,-0.3892279892444375
6443,2025-01-31 22:01:16,99.0,1,,1,-0.3892279892444375
6441,2025-01-31 22:01:10,99.0,1,,1,-0.3892279892444375
6440,2025-01-31 22:01:05,99.0,1,,1,-0.3892279892444375
6439,2025-01-31 22:00:20,99.0,1,,1,-0.3892279892444375
6438,2025-01-31 22:00:15,99.0,1,,1,-0.3892279892444375
6435,2025-01-31 21:56:07,99.0,1,,1,-0.3892279892444375
6309,2025-01-25 22:04:42,90.8,3,43.83,1,-0.44874394047041466
6257,2025-01-24 12:49:12,168.85,1,38.85,1,-0.521590377783319
6205,2025-01-21 15:28:38,123.17,6,38.72,1,-0.4636554022983894
6204,2025-01-21 14:38:58,102.3,6,42.36,1,-0.4539007651868519
6076,2025-01-16 09:22:22,176.93,1,46.93,1,-0.5535714417058529
6024,2025-01-14 13:53:55,216.93,12,57.05,-1,-0.6156292732214351
5847,2025-01-06 16:43:51,99.0,1,,1,-0.3892279892444375
5793,2025-01-04 12:16:45,174.25,9,71.82,1,-0.5938011756945536
5717,2025-01-01 16:11:10,99.0,1,,1,-0.3892279892444375
5716,2025-01-01 09:02:08,99.0,1,,1,-0.3892279892444375
5715,2025-01-01 08:56:05,99.0,1,,1,-0.3892279892444375
5714,2024-12-31 22:01:07,99.0,1,,1,-0.3892279892444375
5713,2024-12-31 22:01:03,99.0,1,,1,-0.3892279892444375
5712,2024-12-31 22:00:53,99.0,1,,1,-0.3892279892444375
5711,2024-12-31 22:00:48,99.0,1,,1,-0.3892279892444375
5710,2024-12-31 22:00:43,99.0,1,,1,-0.3892279892444375
5709,2024-12-31 22:00:40,99.0,1,,1,-0.3892279892444375
5708,2024-12-31 22:00:39,99.0,1,,1,-0.3892279892444375
5706,2024-12-31 22:00:21,99.0,1,,1,-0.3892279892444375
5705,2024-12-31 22:00:16,99.0,1,,1,-0.3892279892444375
5704,2024-12-31 22:00:11,99.0,1,,1,-0.3892279892444375
5703,2024-12-31 22:00:07,99.0,1,,1,-0.3892279892444375
5702,2024-12-31 21:58:51,99.0,1,,1,-0.3892279892444375
5415,2024-12-21 15:18:03,81.87,4,42.91,1,-0.4491193667145032
5389,2024-12-20 14:35:38,161.32,10,55.42,1,-0.5586246187021684
5386,2024-12-20 10:11:20,75.97,3,,1,-0.5896978058490103
5315,2024-12-18 11:41:27,100.99,3,,1,-0.601186441332456
5314,2024-12-18 10:46:55,105.43,8,,-1,-0.6033601399890778
5313,2024-12-18 09:55:33,156.98,3,,-1,-0.6579954927838934
5312,2024-12-18 08:03:58,168.63,1,38.63,1,-0.521590377783319
5284,2024-12-17 09:34:18,79.99,1,,1,-0.4254489178909436
5283,2024-12-17 07:36:54,79.99,1,,1,-0.4254489178909436
5282,2024-12-17 07:16:20,79.99,1,,1,-0.4254489178909436
5256,2024-12-16 20:49:18,125.96,4,,-1,-0.6229346144295105
5254,2024-12-16 19:50:59,79.99,1,,1,-0.4254489178909436
5253,2024-12-16 19:36:27,118.62,1,38.63,1,-0.4550417024876537
5252,2024-12-16 19:33:57,190.04,1,60.04,1,-0.5877371673632036
5251,2024-12-16 18:49:21,124.54,1,44.55,1,-0.4763451517078301
5250,2024-12-16 18:42:01,118.62,1,38.63,1,-0.4550417024876537
5249,2024-12-16 17:00:34,118.62,1,38.63,1,-0.4550417024876537
5248,2024-12-16 13:59:50,129.34,1,49.35,1,-0.49616824810365145
5247,2024-12-16 13:45:54,168.63,1,38.63,1,-0.521590377783319
5246,2024-12-16 11:39:42,155.07,1,75.08,1,-0.5993237164937936
5245,2024-12-15 22:31:31,124.54,1,44.55,1,-0.4763451517078301
5219,2024-12-15 20:18:10,108.97,3,,-1,-0.6073188246320902
5193,2024-12-14 20:16:47,37.96,4,,-1,-0.6443382055427154
5189,2024-12-14 11:59:47,93.98,2,,1,-0.5674234731780219
5162,2024-12-13 20:25:19,76.97,6,,1,-0.5819612263430304
5158,2024-12-13 10:11:10,174.89,1,44.89,1,-0.5466611498892606
5157,2024-12-12 19:29:18,122.02,1,42.03,1,-0.4689193268421291
5156,2024-12-12 18:44:10,244.66,2,68.67,-1,-0.6148377710246848
5155,2024-12-12 16:34:56,103.62,1,38.63,1,-0.4481371587339353
5154,2024-12-12 16:29:46,78.63,1,38.63,1,-0.4523973278082208
5153,2024-12-12 13:35:28,93.63,1,38.63,1,-0.44715200302514674
5152,2024-12-12 11:17:39,155.96,4,,-1,-0.6528298067896978
5126,2024-12-11 16:21:21,124.54,1,44.55,1,-0.4763451517078301
5097,2024-12-10 15:18:44,92.02,1,42.03,1,-0.46968054673009335
5096,2024-12-10 15:11:15,88.62,1,38.63,1,-0.44937099890642995
5095,2024-12-10 15:04:49,97.03,1,42.03,1,-0.4601116973899979
5094,2024-12-10 13:09:10,116.95,1,61.95,1,-0.5277416754665386
5093,2024-12-10 13:04:37,95.21,1,40.21,1,-0.45373732333961164
5092,2024-12-10 12:42:34,118.62,1,38.63,1,-0.4550417024876537
5091,2024-12-10 12:25:10,97.31,1,42.31,1,-0.4601116973899979
5090,2024-12-10 09:24:26,74.01,2,42.03,1,-0.4713118873420989
5064,2024-12-09 16:31:08,182.53,10,38.63,1,-0.5564345698788125
5063,2024-12-09 09:51:56,168.63,1,38.63,1,-0.521590377783319
5037,2024-12-08 20:23:58,88.58,5,38.63,1,-0.44957892005928973
5036,2024-12-08 08:30:39,88.58,5,38.63,1,-0.44957892005928973
5010,2024-12-07 10:32:54,97.03,1,42.03,1,-0.4601116973899979
4984,2024-12-06 18:35:51,123.11,1,43.12,1,-0.47186120960305195
4983,2024-12-06 18:33:10,119.71,1,39.72,1,-0.4576299422988324
4982,2024-12-06 18:00:50,148.18,1,68.19,1,-0.5676176117487436
4977,2024-12-05 21:55:02,171.45,2,75.47,1,-0.5978648911377861
4974,2024-12-05 16:02:43,258.48,19,68.67,-1,-0.6641850215261103
4973,2024-12-05 12:44:53,78.62,1,38.63,1,-0.4523973278082208
4971,2024-12-04 18:08:01,188.93,5,82.97,1,-0.5898872118993855
4945,2024-12-02 21:39:18,82.49,3,,1,-0.5904110122161542
4919,2024-12-02 20:19:26,90.94,6,,1,-0.5874904860074407
4918,2024-12-02 19:56:55,89.44,9,,-1,-0.6262679772780678
4917,2024-12-02 18:59:30,75.94,6,,1,-0.58243682769779
4916,2024-12-02 17:49:15,85.44,7,,-1,-0.6044595729969555
4915,2024-12-02 17:07:34,78.95,5,,1,-0.5876624065821335
4914,2024-12-02 17:05:35,87.93,7,,-1,-0.6036710630648536
4913,2024-12-02 15:26:01,81.94,6,,1,-0.5812757589504997
4912,2024-12-02 11:40:15,95.98,2,,1,-0.5710968190645809
4909,2024-12-02 00:34:43,97.59,4,38.63,1,-0.440645879866189
4883,2024-12-01 17:32:57,105.9,10,,-1,-0.6230798240515364
4882,2024-12-01 17:21:45,130.0,1,,1,-0.5492012697271131
4881,2024-12-01 16:54:18,130.0,1,,1,-0.5492012697271131
4880,2024-12-01 16:38:25,77.44,7,,1,-0.5998748140631982
4879,2024-12-01 16:26:21,79.98,3,,1,-0.5931072335249107
4878,2024-12-01 16:14:07,75.93,7,,1,-0.6002205727746251
4877,2024-12-01 15:09:05,94.95,5,,1,-0.5941418326682234
4875,2024-12-01 09:01:56,99.0,1,,1,-0.3892279892444375
4873,2024-12-01 08:55:46,99.0,1,,1,-0.3892279892444375
4872,2024-12-01 08:16:14,220.99,5,,-1,-0.6803703939590846
4871,2024-11-30 22:00:28,99.0,1,,1,-0.3892279892444375
4869,2024-11-30 22:00:22,99.0,1,,1,-0.3892279892444375
4868,2024-11-30 22:00:18,99.0,1,,1,-0.3892279892444375
4867,2024-11-30 22:00:13,99.0,1,,1,-0.3892279892444375
4866,2024-11-30 22:00:08,99.0,1,,1,-0.3892279892444375
4864,2024-11-30 21:55:37,99.0,1,,1,-0.3892279892444375
4838,2024-11-30 20:16:29,76.96,4,,1,-0.58962411026149
4837,2024-11-30 18:21:29,80.95,5,,1,-0.5867512639546106
4834,2024-11-30 10:20:58,76.95,5,,1,-0.5879708572749243
4833,2024-11-30 09:03:44,130.0,1,,1,-0.5492012697271131
4805,2024-11-29 16:00:29,79.94,6,,1,-0.5798873945277171
4804,2024-11-29 15:53:22,84.99,3,,1,-0.5964054422495709
4803,2024-11-29 15:42:35,79.98,3,,1,-0.5931072335249107
4802,2024-11-29 10:48:58,144.39,14,,-1,-0.6845150318659299
4801,2024-11-29 10:31:42,80.46,6,,1,-0.5806726134271027
4800,2024-11-29 10:16:16,101.4,11,,-1,-0.636465015423974
4799,2024-11-28 21:34:53,87.94,6,,1,-0.587104093398999
4771,2024-11-28 16:16:11,144.98,3,,-1,-0.6424815174281819
4770,2024-11-28 15:51:19,100.43,8,,-1,-0.6079331744518314
4744,2024-11-27 20:38:00,76.95,7,,1,-0.5997304497192294
4676,2024-11-25 08:28:56,300.42,4,103.45,-1,-0.6662027806075224
4674,2024-11-24 19:25:30,146.96,7,42.03,1,-0.5076563987022664
4673,2024-11-24 16:54:15,58.62,1,38.63,1,-0.4607974205590653
4672,2024-11-24 15:54:25,97.58,5,38.63,1,-0.44542513052469446
4671,2024-11-24 14:59:33,74.59,4,38.63,1,-0.4509243239810544
4670,2024-11-24 12:09:39,96.67,5,40.21,1,-0.4487105459017625
4667,2024-11-24 10:41:24,96.35,5,44.89,1,-0.452831537809595
4666,2024-11-23 17:25:19,142.52,11,38.63,1,-0.5446787290396854
4665,2024-11-20 10:57:04,92.45,2,37.47,1,-0.4733512977088317
4664,2024-11-19 23:21:47,67.44,3,37.47,1,-0.4626928284789354
4663,2024-11-19 15:08:31,190.99,1,60.99,1,-0.5890616634419465
4659,2024-11-18 12:24:03,190.99,1,60.99,1,-0.5890616634419465
4658,2024-11-18 11:14:56,72.44,3,37.47,1,-0.45169757313325426
4657,2024-11-17 18:26:13,91.7,3,43.73,1,-0.4499029703495665
4656,2024-11-16 09:53:01,102.08,5,47.13,1,-0.45292334238622695
4651,2024-11-10 10:00:06,129.14,5,41.68,1,-0.4641984204250863
4650,2024-11-03 22:19:05,199.9,10,,-1,-0.6849619291113765
4649,2024-11-02 10:44:51,163.45,4,37.47,1,-0.5114260088314461
4644,2024-10-31 23:02:06,99.0,1,,1,-0.3892279892444375
4642,2024-10-31 23:01:22,99.0,1,,1,-0.3892279892444375
4641,2024-10-31 23:01:18,99.0,1,,1,-0.3892279892444375
4640,2024-10-31 23:01:14,99.0,1,,1,-0.3892279892444375
4639,2024-10-31 23:01:10,99.0,1,,1,-0.3892279892444375
4638,2024-10-31 23:01:05,99.0,1,,1,-0.3892279892444375
4637,2024-10-31 23:00:08,99.0,1,,1,-0.3892279892444375
4636,2024-10-27 14:53:05,127.41,5,47.46,1,-0.46560528435811194
4633,2024-10-19 12:23:36,71.33,4,36.37,1,-0.4583756013692408
4629,2024-10-18 13:21:37,166.37,1,36.37,1,-0.5279017373843707
4628,2024-10-14 11:14:05,118.24,7,36.31,1,-0.49181584307539133
4627,2024-10-13 09:59:30,213.87,12,43.99,-1,-0.6042625199765063
4622,2024-10-08 10:35:41,94.65,1,39.65,1,-0.44829226971051916
4621,2024-09-30 23:01:14,99.0,1,,1,-0.3892279892444375
4619,2024-09-30 23:01:01,99.0,1,,1,-0.3892279892444375
4618,2024-09-30 23:00:57,99.0,1,,1,-0.3892279892444375
4617,2024-09-30 23:00:52,99.0,1,,1,-0.3892279892444375
4616,2024-09-30 23:00:48,99.0,1,,1,-0.3892279892444375
4615,2024-09-30 23:00:44,99.0,1,,1,-0.3892279892444375
4614,2024-09-30 23:00:33,99.0,1,,1,-0.3892279892444375
4613,2024-09-30 23:00:08,99.0,1,,1,-0.3892279892444375
4596,2024-09-25 20:35:01,83.22,3,36.25,1,-0.4511643984161639
4593,2024-09-23 20:32:05,118.18,7,36.25,1,-0.49181584307539133
4592,2024-09-20 17:15:22,138.39,10,42.49,1,-0.5274993073770293
4591,2024-09-20 12:18:39,100.41,12,40.53,1,-0.5661121401975673
4590,2024-09-20 08:56:28,86.61,4,39.65,1,-0.4442805685565374
4588,2024-09-18 21:42:01,132.96,4,53.0,1,-0.4897035569778532
4587,2024-09-18 12:26:49,183.0,1,53.0,1,-0.5657120663436789
4581,2024-09-13 21:09:44,85.45,4,38.49,1,-0.440806102891739
4580,2024-09-12 09:06:00,29.97,3,,-1,-0.6534148164316035
4579,2024-09-11 07:57:46,98.62,4,40.66,1,-0.44424728346820685
4578,2024-09-10 23:25:11,90.21,3,54.24,1,-0.47436328844034326
4577,2024-09-03 15:21:41,108.31,6,36.37,1,-0.46310139122831795
4574,2024-08-31 23:04:20,99.0,1,,1,-0.3892279892444375
4573,2024-08-31 23:04:15,99.0,1,,1,-0.3892279892444375
4572,2024-08-31 23:04:10,99.0,1,,1,-0.3892279892444375
4571,2024-08-31 23:04:05,99.0,1,,1,-0.3892279892444375
4570,2024-08-31 23:03:31,99.0,1,,1,-0.3892279892444375
4569,2024-08-31 23:03:27,99.0,1,,1,-0.3892279892444375
4568,2024-08-31 23:03:23,99.0,1,,1,-0.3892279892444375
4567,2024-08-31 23:03:17,99.0,1,,1,-0.3892279892444375
4566,2024-08-31 23:00:57,99.0,1,,1,-0.3892279892444375
4565,2024-08-31 19:51:00,100.06,6,38.12,1,-0.45479533763493374
4564,2024-08-29 12:35:10,146.81,1,36.31,1,-0.49816308536660103
4553,2024-08-25 23:02:13,103.65,6,37.4,1,-0.45970422510493425
4547,2024-08-19 09:53:38,139.41,8,42.49,1,-0.5119187206120512
4545,2024-08-17 22:07:42,15.99,1,,-1,-0.6464862829746532
4544,2024-08-17 14:24:47,183.82,10,43.92,1,-0.5494763950994083
4540,2024-08-13 12:40:32,66.28,3,36.31,1,-0.46488624735217055
4539,2024-08-13 12:33:57,76.3,1,36.31,1,-0.45101056204249235
4538,2024-08-13 10:42:58,132.26,5,36.31,1,-0.47802138863120386
4537,2024-08-12 15:01:05,91.27,4,36.31,1,-0.4444392750863938
4536,2024-08-12 10:22:01,175.65,1,45.65,1,-0.5477718671110196
4535,2024-08-12 10:11:30,130.0,1,,1,-0.5492012697271131
4530,2024-08-05 18:23:22,119.66,6,48.72,1,-0.47083726972126033
4529,2024-08-01 09:57:39,99.0,1,,1,-0.3892279892444375
4527,2024-07-31 23:01:13,99.0,1,,1,-0.3892279892444375
4526,2024-07-31 23:01:08,99.0,1,,1,-0.3892279892444375
4525,2024-07-31 23:01:04,99.0,1,,1,-0.3892279892444375
4524,2024-07-31 23:00:58,99.0,1,,1,-0.3892279892444375
4523,2024-07-31 23:00:48,99.0,1,,1,-0.3892279892444375
4522,2024-07-31 23:00:44,99.0,1,,1,-0.3892279892444375
4520,2024-07-31 23:00:36,99.0,1,,1,-0.3892279892444375
4519,2024-07-31 23:00:31,99.0,1,,1,-0.3892279892444375
4518,2024-07-31 23:00:09,99.0,1,,1,-0.3892279892444375
4515,2024-07-29 20:57:25,102.43,6,36.49,1,-0.46061762360274855
4510,2024-07-26 19:29:15,119.0,5,40.84,1,-0.4533785816845781
4509,2024-07-23 15:24:52,78.58,3,36.61,1,-0.45198324923478667
4506,2024-07-22 12:38:02,10.99,1,,-1,-0.6670383611795744
4505,2024-07-22 01:49:38,175.02,7,72.09,1,-0.5923704960439339
4504,2024-07-21 07:36:41,124.45,10,42.93,1,-0.5270200560886483
4495,2024-07-16 14:11:56,108.67,6,36.73,1,-0.4620785751287896
4482,2024-07-13 10:19:31,82.72,1,36.73,1,-0.4565664211968596
4481,2024-07-11 21:08:00,103.47,6,46.53,1,-0.46393558515924277
4480,2024-07-08 17:13:58,58.95,5,36.61,1,-0.4926427367356021
4479,2024-07-08 13:21:43,73.57,4,36.61,1,-0.45605120088070134
4471,2024-07-07 20:50:51,75.96,4,41.13,1,-0.4572384824931717
4468,2024-06-30 23:01:22,99.0,1,,1,-0.3892279892444375
4467,2024-06-30 23:01:15,99.0,1,,1,-0.3892279892444375
4466,2024-06-30 23:01:05,99.0,1,,1,-0.3892279892444375
4465,2024-06-30 23:00:59,99.0,1,,1,-0.3892279892444375
4464,2024-06-30 23:00:55,99.0,1,,1,-0.3892279892444375
4463,2024-06-30 23:00:50,99.0,1,,1,-0.3892279892444375
4462,2024-06-30 23:00:39,99.0,1,,1,-0.3892279892444375
4461,2024-06-30 23:00:35,99.0,1,,1,-0.3892279892444375
4460,2024-06-30 23:00:31,99.0,1,,1,-0.3892279892444375
4459,2024-06-30 23:00:26,99.0,1,,1,-0.3892279892444375
4458,2024-06-30 23:00:05,99.0,1,,1,-0.3892279892444375
4457,2024-06-30 06:48:14,115.0,1,42.71,1,-0.4659500023669122
4451,2024-06-28 18:00:40,31.98,2,47.2,1,-0.5623249100603184
4450,2024-06-28 16:32:07,146.98,3,76.83,1,-0.5662680982228357
4449,2024-06-27 19:39:34,97.75,1,40.73,1,-0.4536554443781304
4448,2024-06-27 16:04:08,115.0,1,36.43,1,-0.4600998319677587
4446,2024-06-27 13:11:24,36.52,3,39.85,1,-0.5258661505293839
4445,2024-06-27 12:09:52,45.99,1,42.71,1,-0.49655231810228734
4444,2024-06-27 12:09:01,35.98,2,40.73,1,-0.5454009364378928
4439,2024-06-19 16:48:09,47.57,4,29.34,1,-0.4843164748320781
4438,2024-06-19 16:18:15,115.0,1,,1,-0.503121586299429
4437,2024-06-18 19:55:47,105.93,7,29.34,1,-0.5055211233426595
4434,2024-06-14 17:43:33,115.0,1,29.34,1,-0.4617499489633522
4433,2024-06-11 17:49:51,31.42,3,29.34,1,-0.504492804687499
4432,2024-06-11 11:37:05,24.62,3,29.34,1,-0.548512148505076
4426,2024-06-09 09:54:33,109.65,1,29.34,1,-0.46098182220714257
4425,2024-06-08 23:15:49,61.96,4,29.34,1,-0.4671742918088494
4424,2024-06-08 18:00:39,231.84,16,,-1,-0.7289820806740938
4423,2024-06-07 13:48:12,31.98,2,29.34,1,-0.5047256179685856
4421,2024-06-01 23:57:08,15.99,1,29.34,-1,-0.616258984544053
4416,2024-06-01 11:12:23,99.0,1,,1,-0.3892279892444375
4415,2024-05-31 23:00:51,99.0,1,,1,-0.3892279892444375
4414,2024-05-31 23:00:41,99.0,1,,1,-0.3892279892444375
4413,2024-05-31 23:00:37,99.0,1,,1,-0.3892279892444375
4412,2024-05-31 23:00:32,99.0,1,,1,-0.3892279892444375
4411,2024-05-31 23:00:27,99.0,1,,1,-0.3892279892444375
4410,2024-05-31 23:00:07,99.0,1,,1,-0.3892279892444375
4407,2024-05-29 14:40:57,160.99,2,50.09,1,-0.5309125203454733
4405,2024-05-26 21:18:22,71.94,6,29.34,1,-0.49525676496441007
4404,2024-05-24 19:42:14,18.99,1,29.34,1,-0.5957254050752055
4403,2024-05-24 19:23:59,37.98,2,29.34,1,-0.49838219717019566
4389,2024-05-16 12:13:13,96.75,1,29.34,1,-0.4449780218303266
4386,2024-05-15 16:54:58,39.09,1,29.34,1,-0.45697478415489984
4380,2024-05-14 18:49:30,50.96,4,29.34,1,-0.4819900269453706
4378,2024-05-13 10:13:32,63.96,4,29.34,1,-0.4682750423964092
4377,2024-05-13 08:30:38,90.07,3,50.09,1,-0.4606374954953503
4376,2024-05-13 07:47:28,55.95,5,29.34,1,-0.4876566466264736
4375,2024-05-10 15:12:07,129.0,1,29.34,1,-0.47399875192844193
4373,2024-05-07 21:39:58,45.87,4,29.34,1,-0.49012698976936925
4372,2024-05-07 21:07:18,54.99,1,29.34,1,-0.4250521721119302
4371,2024-05-07 18:28:30,54.99,1,29.34,1,-0.4250521721119302
4367,2024-05-07 07:43:11,54.99,1,29.34,1,-0.4250521721119302
4366,2024-05-06 09:52:19,66.96,4,29.34,1,-0.47020223910234643
4362,2024-05-03 14:41:50,49.99,1,29.34,1,-0.4274428698446957
4361,2024-05-03 06:05:11,34.97,3,29.34,1,-0.4968342276192171
4360,2024-05-02 20:25:38,129.0,1,29.34,1,-0.47399875192844193
4359,2024-05-02 13:46:56,129.0,1,29.34,1,-0.47399875192844193
4358,2024-05-02 09:36:47,54.99,1,29.34,1,-0.4250521721119302
4357,2024-05-01 16:52:46,129.0,1,29.34,1,-0.47399875192844193
4356,2024-05-01 12:54:40,20.98,2,29.34,1,-0.5781290096758434
4355,2024-05-01 12:43:38,55.0,1,29.34,1,-0.4250521721119302
4354,2024-05-01 10:06:08,129.0,1,29.34,1,-0.47399875192844193
4353,2024-04-30 23:00:35,99.0,1,,1,-0.3892279892444375
4352,2024-04-30 23:00:29,99.0,1,,1,-0.3892279892444375
4351,2024-04-30 23:00:11,99.0,1,,1,-0.3892279892444375
4350,2024-04-30 23:00:05,99.0,1,,1,-0.3892279892444375
4349,2024-04-30 16:34:47,77.95,5,29.34,1,-0.4756135384614239
4348,2024-04-30 15:59:10,129.0,1,29.34,1,-0.47399875192844193
4347,2024-04-30 15:48:13,129.0,1,29.34,1,-0.47399875192844193
4345,2024-04-30 14:53:29,129.0,1,29.34,1,-0.47399875192844193
4344,2024-04-30 14:48:21,94.95,5,29.34,1,-0.46948411234667337
4341,2024-04-30 09:04:00,109.98,2,29.34,1,-0.4892450859622672
4340,2024-04-29 13:22:16,21.98,2,29.34,1,-0.5643788796950808
4338,2024-04-29 09:53:51,54.99,1,29.34,1,-0.4250521721119302
4337,2024-04-28 20:17:21,57.96,4,29.34,1,-0.47313284226685726
4336,2024-04-28 16:23:11,115.0,1,29.34,1,-0.4617499489633522
4332,2024-04-24 09:09:45,42.49,1,29.34,1,-0.4466287871318971
4320,2024-04-21 10:51:54,44.97,3,29.34,1,-0.4646275068443639
4319,2024-04-21 10:44:13,31.98,2,29.34,1,-0.5047256179685856
4318,2024-04-21 10:40:24,70.98,2,29.34,1,-0.473468362229169
4309,2024-04-20 01:31:20,17.83,2,29.34,-1,-0.6030020235528281
4308,2024-04-14 21:51:36,55.95,5,29.34,1,-0.4876566466264736
4307,2024-04-13 19:51:39,31.98,2,29.34,1,-0.5047256179685856
4298,2024-04-01 18:45:56,115.0,1,29.34,1,-0.4617499489633522
4290,2024-03-30 14:55:56,55.0,1,29.34,1,-0.4250521721119302
4289,2024-03-29 10:13:42,135.9,10,29.34,1,-0.5475120554295799
4288,2024-03-26 17:32:08,79.92,8,29.34,1,-0.5249991966817404
4285,2024-03-25 10:45:35,34.97,3,34.59,1,-0.5237559313977806
4284,2024-03-23 21:10:59,31.98,2,29.34,1,-0.5047256179685856
4283,2024-03-23 18:19:28,83.94,6,29.34,1,-0.48337956265018023
4282,2024-03-23 15:00:38,15.99,1,29.34,-1,-0.616258984544053
4278,2024-03-22 08:08:51,243.92,9,50.09,1,-0.588827020173454
4274,2024-03-19 12:01:32,49.5,1,29.34,1,-0.4278718107959864
4273,2024-03-18 20:49:53,59.98,2,29.34,1,-0.46863892894734993
4265,2024-03-17 14:14:18,39.96,4,29.34,1,-0.5040766510232542
4258,2024-03-14 13:59:01,19.96,4,29.75,1,-0.5948020617225446
4235,2024-03-03 22:33:02,61.95,5,29.75,1,-0.4809962141269611
4233,2024-02-29 22:00:59,99.0,1,,1,-0.3892279892444375
4232,2024-02-29 22:00:55,99.0,1,,1,-0.3892279892444375
4231,2024-02-29 22:00:51,99.0,1,,1,-0.3892279892444375
4230,2024-02-29 22:00:41,89.1,1,,1,-0.4499956775899905
4229,2024-02-29 22:00:35,89.1,1,,1,-0.4499956775899905
4228,2024-02-29 22:00:30,89.1,1,,1,-0.4499956775899905
4227,2024-02-29 22:00:08,89.1,1,,1,-0.4499956775899905
4215,2024-02-27 06:30:08,116.89,11,35.0,1,-0.5530994035681339
4214,2024-02-25 15:59:24,31.98,2,29.75,1,-0.5115536948734162
4212,2024-02-20 13:15:57,50.97,3,29.75,1,-0.46451856725377044
4211,2024-02-20 12:31:16,55.0,1,35.0,1,-0.45626479058670544
4205,2024-02-20 10:57:26,49.99,1,35.0,1,-0.4576641208168644
4201,2024-02-11 17:35:51,36.97,3,29.75,1,-0.4876158432994712
4198,2024-02-11 13:41:36,61.94,6,29.75,1,-0.5027679278114167
4197,2024-02-03 15:50:11,-29.75,3,29.75,-1,-0.6623990053877484
4196,2024-02-03 13:48:34,62.94,6,29.75,1,-0.5041476130058111
4195,2024-01-31 22:01:19,99.0,1,,1,-0.3892279892444375
4194,2024-01-31 22:01:14,99.0,1,,1,-0.3892279892444375
4193,2024-01-31 22:01:10,99.0,1,,1,-0.3892279892444375
4192,2024-01-31 22:01:06,89.1,1,,1,-0.4499956775899905
4191,2024-01-31 22:00:23,89.1,1,,1,-0.4499956775899905
4190,2024-01-31 22:00:18,89.1,1,,1,-0.4499956775899905
4189,2024-01-31 22:00:13,89.1,1,,1,-0.4499956775899905
4187,2024-01-28 08:26:05,89.1,1,,1,-0.4499956775899905
4184,2024-01-23 21:13:41,51.95,5,29.75,1,-0.5020101347998394
4183,2024-01-23 19:12:55,31.98,2,29.75,1,-0.5115536948734162
4182,2024-01-23 15:21:24,115.0,1,29.75,1,-0.46418574393553125
4177,2024-01-18 15:54:16,31.98,2,29.75,1,-0.5115536948734162
4174,2024-01-15 01:16:11,47.99,1,29.75,1,-0.43467699018299577
4172,2024-01-10 10:54:35,129.87,13,46.9,1,-0.5705434243327195
4170,2024-01-06 12:25:34,195.84,16,54.14,-1,-0.6324276551722715
4169,2024-01-05 17:11:12,30.97,3,35.19,1,-0.5426463340169687
4164,2024-01-03 20:28:08,50.96,4,35.19,1,-0.4913966730815197
4163,2024-01-03 18:59:32,68.97,3,54.14,1,-0.49591023719487665
4160,2024-01-02 05:56:21,89.1,1,,1,-0.4499956775899905
4159,2023-12-31 22:00:47,89.1,1,,1,-0.4499956775899905
4158,2023-12-31 22:00:42,89.1,1,,1,-0.4499956775899905
4157,2023-12-31 22:00:37,89.1,1,,1,-0.4499956775899905
4156,2023-12-31 22:00:19,89.1,1,,1,-0.4499956775899905
4155,2023-12-31 22:00:14,79.0,1,,1,-0.4105355617279094
4154,2023-12-31 22:00:06,69.0,1,,1,-0.3989081958073732
4129,2023-12-26 21:07:01,115.0,1,35.19,1,-0.4646683606698703
4128,2023-12-26 17:33:46,28.98,2,35.19,1,-0.5622627836503021
4127,2023-12-24 22:41:33,50.0,1,,1,-0.472287225814487
4126,2023-12-24 16:39:43,47.99,1,35.19,1,-0.4656470349915189
4125,2023-12-24 11:50:53,74.99,1,35.19,1,-0.44998731841515444
4124,2023-12-24 04:31:08,91.87,13,35.19,1,-0.5855173327667111
4123,2023-12-23 13:43:42,265.98,4,92.04,-1,-0.6407310727810066
4122,2023-12-23 12:45:15,115.0,1,35.19,1,-0.4646683606698703
4121,2023-12-23 07:40:30,41.97,3,35.19,1,-0.49411001214556355
4115,2023-12-22 22:32:33,50.0,1,,1,-0.472287225814487
4114,2023-12-22 18:33:23,15.99,1,35.19,-1,-0.6250412294541783
4112,2023-12-22 09:24:18,100.0,1,,1,-0.42221768337408266
4111,2023-12-21 18:22:14,50.0,1,,1,-0.472287225814487
4109,2023-12-21 17:24:52,88.97,3,54.14,1,-0.47566407154820856
4108,2023-12-21 16:46:41,100.0,1,,1,-0.42221768337408266
4107,2023-12-21 14:10:53,41.97,3,35.19,1,-0.49411001214556355
4103,2023-12-20 14:06:10,74.99,1,35.19,1,-0.44998731841515444
4102,2023-12-19 20:23:16,83.98,3,35.19,1,-0.45555551379730613
4101,2023-12-19 19:40:42,115.0,1,35.19,1,-0.4646683606698703
4100,2023-12-19 15:40:57,149.98,2,54.14,1,-0.5299160306977723
4099,2023-12-19 06:53:16,74.99,1,35.19,1,-0.44998731841515444
4096,2023-12-18 19:30:25,55.0,1,35.19,1,-0.457361840248927
4095,2023-12-18 17:58:05,626.0,1,,-1,-0.7111887612117651
4093,2023-12-18 15:08:49,49.99,1,28.19,1,-0.41106879032122035
4092,2023-12-18 14:10:25,55.0,1,28.19,1,-0.41422428809555917
4088,2023-12-18 13:11:15,47.99,1,28.19,1,-0.4147726944881782
4087,2023-12-18 13:07:55,47.99,1,28.19,1,-0.4147726944881782
4086,2023-12-18 13:04:40,47.99,1,28.19,1,-0.4147726944881782
4085,2023-12-18 12:23:08,66.96,4,28.19,1,-0.47421786146232103
4084,2023-12-18 10:15:59,74.99,1,28.19,1,-0.4277229274908755
4083,2023-12-18 09:16:10,115.0,1,28.19,1,-0.4669691622470413
4078,2023-12-18 02:19:30,90.98,2,47.14,1,-0.47278337913962054
4077,2023-12-17 22:02:43,74.99,1,28.19,1,-0.4277229274908755
4076,2023-12-17 18:12:08,36.97,3,28.19,1,-0.4821103924076834
4075,2023-12-17 14:40:36,54.98,2,28.19,1,-0.4675725887563221
4074,2023-12-17 14:37:35,64.97,3,28.19,1,-0.4570455248579917
4073,2023-12-17 12:42:52,49.99,1,28.19,1,-0.41106879032122035
4072,2023-12-16 13:56:05,74.99,1,28.19,1,-0.4277229274908755
4071,2023-12-16 10:39:49,49.99,1,28.19,1,-0.41106879032122035
4070,2023-12-16 10:23:54,49.99,1,28.19,1,-0.41106879032122035
4069,2023-12-16 10:07:50,49.99,1,28.19,1,-0.41106879032122035
4066,2023-12-15 16:04:13,76.94,6,28.19,1,-0.4973633877899534
4065,2023-12-15 13:36:08,74.99,1,28.19,1,-0.4277229274908755
4064,2023-12-15 12:49:19,105.0,1,28.19,1,-0.45820928817267986
4063,2023-12-15 11:37:10,47.99,1,28.19,1,-0.4147726944881782
4060,2023-12-15 09:28:07,47.99,1,28.19,1,-0.4147726944881782
4059,2023-12-15 09:25:01,49.99,1,28.19,1,-0.41106879032122035
4058,2023-12-15 09:21:39,45.99,1,28.19,1,-0.420432674107139
4056,2023-12-14 13:01:12,50.0,1,,1,-0.472287225814487
4055,2023-12-13 20:32:04,170.95,6,28.19,1,-0.5506564313161056
4054,2023-12-13 19:28:05,55.0,1,28.19,1,-0.41422428809555917
4052,2023-12-13 18:31:50,154.99,2,47.14,1,-0.5227159598453829
4051,2023-12-13 18:13:29,156.93,7,47.14,1,-0.5175830633252294
4050,2023-12-13 14:12:48,47.99,1,28.19,1,-0.4147726944881782
4049,2023-12-13 12:09:39,99.98,2,28.19,1,-0.47898333422525197
4048,2023-12-12 15:32:13,41.97,3,28.19,1,-0.4684393961076759
4047,2023-12-12 12:18:56,105.0,1,28.19,1,-0.45820928817267986
4046,2023-12-11 20:30:10,156.96,5,47.14,1,-0.4938559970558115
4045,2023-12-11 10:54:52,47.99,1,28.19,1,-0.4147726944881782
4044,2023-12-11 10:08:27,74.99,1,28.19,1,-0.4277229274908755
4043,2023-12-11 09:08:32,79.95,5,28.19,1,-0.47954081739170934
4040,2023-12-10 18:11:37,74.99,1,28.19,1,-0.4277229274908755
4039,2023-12-10 18:04:02,74.99,1,28.19,1,-0.4277229274908755
4036,2023-12-10 12:58:59,97.98,2,28.19,1,-0.47608406035445583
4035,2023-12-10 10:57:13,47.99,1,28.19,1,-0.4147726944881782
4034,2023-12-10 08:18:14,105.0,1,32.64,1,-0.46674554459015755
4033,2023-12-09 19:46:21,105.0,1,32.64,1,-0.46674554459015755
4031,2023-12-09 19:28:23,105.0,1,32.64,1,-0.46674554459015755
4030,2023-12-09 18:33:07,149.98,2,28.19,1,-0.5227914295784682
4029,2023-12-09 16:46:25,45.99,1,32.64,1,-0.4625605908177931
4028,2023-12-09 16:17:13,105.0,1,28.19,1,-0.45820928817267986
4027,2023-12-09 15:53:44,45.99,1,28.19,1,-0.420432674107139
4026,2023-12-09 15:34:41,105.0,1,28.19,1,-0.45820928817267986
4025,2023-12-09 15:02:52,152.99,2,28.19,1,-0.5327337167836695
4024,2023-12-09 12:34:17,97.98,2,28.19,1,-0.47608406035445583
4023,2023-12-09 10:37:46,238.82,18,47.14,-1,-0.6427893299988493
4022,2023-12-09 08:11:25,97.93,7,28.19,1,-0.5101388973207162
4021,2023-12-09 04:36:30,52.96,4,28.19,1,-0.48232233173214784
4020,2023-12-08 14:17:08,45.99,1,28.19,1,-0.420432674107139
4019,2023-12-08 12:45:28,34.97,3,28.19,1,-0.49676692240182796
4018,2023-12-08 09:56:07,105.0,1,28.19,1,-0.45820928817267986
4017,2023-12-07 22:21:23,74.99,1,28.19,1,-0.4277229274908755
4016,2023-12-07 12:50:17,38.97,3,28.19,1,-0.47587123560974504
4014,2023-12-07 12:31:19,31.97,3,28.19,1,-0.5058866325147499
4013,2023-12-07 12:24:54,38.97,3,28.19,1,-0.47587123560974504
4012,2023-12-07 12:15:08,23.98,2,28.19,1,-0.5652651790518374
4009,2023-12-06 14:32:58,120.91,9,28.19,1,-0.5334758589193751
3994,2023-12-06 10:16:28,74.99,1,28.19,1,-0.4277229274908755
3978,2023-12-05 11:15:16,54.95,5,28.19,1,-0.4936698250871016
3972,2023-12-03 15:51:23,47.97,3,28.19,1,-0.4594009064921675
3971,2023-12-03 00:30:07,47.97,3,28.19,1,-0.4594009064921675
3970,2023-12-02 12:40:58,58.96,4,28.19,1,-0.47410377683866967
3969,2023-12-01 07:42:31,49.99,1,28.19,1,-0.41106879032122035
3968,2023-12-01 04:49:36,64.95,5,28.19,1,-0.48407890988000785
3967,2023-12-01 04:44:48,69.0,1,,1,-0.3989081958073732
3966,2023-12-01 04:44:35,69.0,1,,1,-0.3989081958073732
3964,2023-12-01 04:03:47,69.0,1,,1,-0.3989081958073732
3963,2023-12-01 03:38:30,69.0,1,,1,-0.3989081958073732
3962,2023-12-01 03:29:45,69.0,1,,1,-0.3989081958073732
3961,2023-12-01 03:29:27,69.0,1,,1,-0.3989081958073732
3958,2023-11-30 22:00:46,79.0,1,,1,-0.4105355617279094
3957,2023-11-30 22:00:41,69.0,1,,1,-0.3989081958073732
3956,2023-11-30 22:00:36,69.0,1,,1,-0.3989081958073732
3955,2023-11-30 22:00:30,69.0,1,,1,-0.3989081958073732
3954,2023-11-30 22:00:07,49.0,1,,1,-0.4808626017106173
3931,2023-11-25 15:25:14,63.97,3,28.19,1,-0.45786129691406346
3930,2023-11-25 13:29:18,39.92,8,28.19,1,-0.5787700949158444
3929,2023-11-24 15:21:15,49.99,1,28.19,1,-0.41106879032122035
3922,2023-11-18 23:19:24,38.98,3,28.19,1,-0.47587123560974504
3921,2023-11-18 20:18:48,49.99,1,28.19,1,-0.41106879032122035
3892,2023-11-16 21:52:22,21.0,1,28.19,1,-0.5634518896829132
3890,2023-11-15 16:55:49,89.99,2,47.14,1,-0.4732311910761479
3886,2023-11-14 09:32:30,99.98,2,28.19,1,-0.47898333422525197
3885,2023-11-14 07:49:27,49.99,1,28.19,1,-0.41106879032122035
3883,2023-11-13 17:59:14,49.99,1,28.19,1,-0.41106879032122035
3881,2023-11-13 14:16:29,160.99,7,28.19,1,-0.5563492362459925
3880,2023-11-13 13:46:56,40.0,1,28.19,1,-0.441130986276091
3879,2023-11-10 17:42:12,49.99,1,28.19,1,-0.41106879032122035
3878,2023-11-10 15:55:25,49.99,1,28.19,1,-0.41106879032122035
3877,2023-11-10 15:46:33,49.99,1,28.19,1,-0.41106879032122035
3874,2023-11-07 13:53:09,70.99,2,28.19,1,-0.4730121720992916
3866,2023-11-07 11:04:08,80.0,4,28.19,1,-0.4656253643037853
3865,2023-11-07 10:05:18,49.99,1,28.19,1,-0.41106879032122035
3864,2023-11-06 17:41:06,49.99,1,28.19,1,-0.41106879032122035
3862,2023-11-06 14:20:10,80.0,4,28.19,1,-0.4656253643037853
3861,2023-11-06 13:50:48,49.99,1,28.19,1,-0.41106879032122035
3836,2023-11-01 05:43:42,69.0,1,,1,-0.3989081958073732
3835,2023-11-01 05:43:36,69.0,1,,1,-0.3989081958073732
3833,2023-11-01 05:03:37,69.0,1,,1,-0.3989081958073732
3832,2023-11-01 05:03:16,69.0,1,,1,-0.3989081958073732
3831,2023-11-01 04:38:07,69.0,1,,1,-0.3989081958073732
3830,2023-11-01 04:28:32,69.0,1,,1,-0.3989081958073732
3829,2023-11-01 04:28:13,69.0,1,,1,-0.3989081958073732
3828,2023-11-01 04:19:12,79.0,1,,1,-0.4105355617279094
3826,2023-11-01 01:01:05,55.2,1,,1,-0.45375287179473395
3825,2023-10-31 23:01:05,69.0,1,,1,-0.3989081958073732
3824,2023-10-31 23:00:54,69.0,1,,1,-0.3989081958073732
3823,2023-10-31 23:00:49,79.0,1,,1,-0.4105355617279094
3822,2023-10-31 23:00:44,69.0,1,,1,-0.3989081958073732
3821,2023-10-31 23:00:31,49.0,1,,1,-0.4808626017106173
3820,2023-10-31 23:00:24,69.0,1,,1,-0.3989081958073732
3811,2023-10-31 10:54:43,39.96,4,26.86,1,-0.5227703820673383
3809,2023-10-30 08:25:54,59.89,11,26.86,1,-0.5926030446013937
3807,2023-10-24 07:44:08,79.0,1,,1,-0.4105355617279094
3802,2023-10-22 03:05:15,63.0,3,26.86,1,-0.4713357803479548
3797,2023-10-16 15:51:54,75.0,1,,1,-0.40657311170893734
3795,2023-10-13 21:38:59,70.98,4,26.86,1,-0.4805619531237416
3791,2023-10-03 19:44:36,58.94,6,26.86,1,-0.5239210386446659
3788,2023-10-01 05:43:32,69.0,1,,1,-0.3989081958073732
3787,2023-10-01 05:43:20,69.0,1,,1,-0.3989081958073732
3786,2023-10-01 05:43:02,79.0,1,,1,-0.4105355617279094
3785,2023-10-01 05:02:40,79.0,1,,1,-0.4105355617279094
3784,2023-10-01 05:02:34,69.0,1,,1,-0.3989081958073732
3783,2023-10-01 05:02:26,69.0,1,,1,-0.3989081958073732
3782,2023-10-01 04:38:43,69.0,1,,1,-0.3989081958073732
3781,2023-10-01 04:27:27,69.0,1,,1,-0.3989081958073732
3780,2023-10-01 04:27:21,69.0,1,,1,-0.3989081958073732
3779,2023-10-01 04:21:36,79.0,1,,1,-0.4105355617279094
3777,2023-10-01 01:01:11,55.2,1,,1,-0.45375287179473395
3776,2023-09-30 23:05:16,69.0,1,,1,-0.3989081958073732
3775,2023-09-30 23:05:11,79.0,1,,1,-0.4105355617279094
3774,2023-09-30 23:05:06,69.0,1,,1,-0.3989081958073732
3773,2023-09-30 23:04:53,49.0,1,,1,-0.4808626017106173
3772,2023-09-30 23:04:29,69.0,1,,1,-0.3989081958073732
3767,2023-09-27 07:36:29,135.9,10,26.86,1,-0.5681220049537554
3766,2023-09-25 10:43:23,50.0,1,26.86,1,-0.42394555293473546
3764,2023-09-23 21:28:59,79.0,1,,1,-0.4105355617279094
3763,2023-09-23 14:48:30,85.0,2,26.86,1,-0.49083808301776294
3762,2023-09-23 12:55:11,85.0,2,26.86,1,-0.49083808301776294
3750,2023-09-04 09:51:56,52.58,5,26.86,1,-0.51960985566548
3748,2023-09-01 05:25:23,69.0,1,,1,-0.3989081958073732
3747,2023-09-01 05:25:15,69.0,1,,1,-0.3989081958073732
3746,2023-09-01 05:24:58,79.0,1,,1,-0.4105355617279094
3745,2023-09-01 04:59:19,79.0,1,,1,-0.4105355617279094
3744,2023-09-01 04:59:13,69.0,1,,1,-0.3989081958073732
3743,2023-09-01 04:58:51,69.0,1,,1,-0.3989081958073732
3742,2023-09-01 04:40:42,69.0,1,,1,-0.3989081958073732
3741,2023-09-01 04:22:07,69.0,1,,1,-0.3989081958073732
3740,2023-09-01 04:22:01,69.0,1,,1,-0.3989081958073732
3739,2023-09-01 04:20:53,79.0,1,,1,-0.4105355617279094
3736,2023-09-01 01:01:39,55.2,1,,1,-0.45375287179473395
3735,2023-08-31 23:02:56,79.0,1,,1,-0.4105355617279094
3734,2023-08-31 23:02:45,69.0,1,,1,-0.3989081958073732
3733,2023-08-31 23:02:40,69.0,1,,1,-0.3989081958073732
3732,2023-08-31 23:02:34,49.0,1,,1,-0.4808626017106173
3730,2023-08-31 23:02:18,69.0,1,,1,-0.3989081958073732
3729,2023-08-31 09:09:07,50.98,3,18.95,1,-0.5284698264431699
3721,2023-08-25 15:10:05,32.0,2,26.86,1,-0.5238444390289024
3720,2023-08-24 15:52:58,76.97,5,,1,-0.5879708572749243
3719,2023-08-23 20:59:03,26.95,1,,1,-0.5955248375859776
3717,2023-08-23 01:57:23,141.95,10,,-1,-0.6534535246106952
3713,2023-08-18 09:58:54,29.97,3,26.86,1,-0.5391462510846814
3709,2023-08-15 15:05:29,50.0,1,26.86,1,-0.42394555293473546
3708,2023-08-12 11:10:21,37.95,5,26.86,1,-0.5536768252651958
3705,2023-08-10 16:44:40,69.0,1,,1,-0.3989081958073732
3699,2023-08-08 16:06:53,73.97,5,26.86,1,-0.49558469421689955
3698,2023-08-07 08:28:20,34.87,3,26.86,1,-0.5106165713231628
3696,2023-08-02 13:41:07,19.98,2,26.86,1,-0.5978937970646427
3694,2023-08-01 05:20:46,69.0,1,,1,-0.3989081958073732
3693,2023-08-01 05:19:46,69.0,1,,1,-0.3989081958073732
3692,2023-08-01 05:19:27,79.0,1,,1,-0.4105355617279094
3691,2023-08-01 04:55:41,79.0,1,,1,-0.4105355617279094
3690,2023-08-01 04:55:26,69.0,1,,1,-0.3989081958073732
3689,2023-08-01 04:54:58,69.0,1,,1,-0.3989081958073732
3688,2023-08-01 04:44:05,69.0,1,,1,-0.3989081958073732
3687,2023-08-01 04:25:09,79.0,1,,1,-0.4105355617279094
3686,2023-08-01 04:21:13,69.0,1,,1,-0.3989081958073732
3685,2023-08-01 04:21:06,69.0,1,,1,-0.3989081958073732
3682,2023-08-01 01:04:34,55.2,1,,1,-0.45375287179473395
3680,2023-07-31 23:03:03,69.0,1,,1,-0.3989081958073732
3679,2023-07-31 23:02:57,49.0,1,,1,-0.4808626017106173
3678,2023-07-31 23:02:50,69.0,1,,1,-0.3989081958073732
3677,2023-07-31 23:00:46,79.0,1,,1,-0.4105355617279094
3676,2023-07-31 23:00:40,79.0,1,,1,-0.4105355617279094
3675,2023-07-31 23:00:17,69.0,1,,1,-0.3989081958073732
3673,2023-07-26 15:51:54,100.0,1,,1,-0.42221768337408266
3671,2023-07-24 20:37:58,16.0,1,26.86,-1,-0.6119416358119291
3670,2023-07-14 09:39:02,50.0,1,26.86,1,-0.42394555293473546
3669,2023-07-12 16:56:58,37.99,2,26.86,1,-0.510651321613628
3663,2023-07-11 12:04:15,21.0,1,26.86,1,-0.5739215331451073
3660,2023-07-11 09:43:25,161.88,12,26.86,-1,-0.6168267534018369
3657,2023-07-08 20:46:46,71.76,6,26.86,1,-0.5119887614534581
3656,2023-07-08 15:41:16,35.0,1,26.86,1,-0.4725578847366104
3655,2023-07-07 10:24:17,43.99,3,26.86,1,-0.4796318697121213
3653,2023-07-04 16:43:34,37.99,2,26.86,1,-0.510651321613628
3635,2023-07-01 05:13:35,69.0,1,,1,-0.3989081958073732
3634,2023-07-01 05:13:23,69.0,1,,1,-0.3989081958073732
3633,2023-07-01 05:13:07,79.0,1,,1,-0.4105355617279094
3632,2023-07-01 04:51:45,79.0,1,,1,-0.4105355617279094
3631,2023-07-01 04:51:40,69.0,1,,1,-0.3989081958073732
3630,2023-07-01 04:51:38,79.0,1,,1,-0.4105355617279094
3629,2023-07-01 04:51:26,69.0,1,,1,-0.3989081958073732
3628,2023-07-01 04:51:11,69.0,1,,1,-0.3989081958073732
3627,2023-07-01 04:19:19,79.0,1,,1,-0.4105355617279094
3626,2023-07-01 04:16:45,69.0,1,,1,-0.3989081958073732
3625,2023-07-01 04:16:41,69.0,1,,1,-0.3989081958073732
3624,2023-07-01 04:16:34,69.0,1,,1,-0.3989081958073732
3621,2023-07-01 01:02:07,55.2,1,,1,-0.45375287179473395
3620,2023-06-30 23:03:06,69.0,1,,1,-0.3989081958073732
3619,2023-06-30 23:02:52,49.0,1,,1,-0.4808626017106173
3618,2023-06-30 23:02:38,69.0,1,,1,-0.3989081958073732
3617,2023-06-30 23:02:33,69.0,1,,1,-0.3989081958073732
3616,2023-06-30 23:02:14,79.0,1,,1,-0.4105355617279094
3615,2023-06-30 23:02:08,79.0,1,,1,-0.4105355617279094
3614,2023-06-30 23:02:01,79.0,1,,1,-0.4105355617279094
3613,2023-06-30 14:13:19,328.06,21,64.76,-1,-0.7009052070374281
3606,2023-06-28 14:06:47,100.0,1,,1,-0.42221768337408266
3600,2023-06-27 19:32:37,45.75,5,26.86,1,-0.5354935667394943
3599,2023-06-27 15:09:49,62.0,3,26.86,1,-0.46914356419188136
3597,2023-06-22 15:07:18,60.78,4,26.86,1,-0.48718990985962707
3593,2023-06-17 09:09:36,70.98,4,26.86,1,-0.4805619531237416
3591,2023-06-15 09:53:11,19.98,2,26.86,1,-0.5978937970646427
3590,2023-06-14 19:15:23,32.0,2,26.86,1,-0.5238444390289024
3580,2023-06-06 15:13:25,55.2,1,,1,-0.45375287179473395
3573,2023-06-06 12:06:38,63.2,1,,1,-0.418039848228295
3554,2023-06-01 05:06:16,69.0,1,,1,-0.3989081958073732
3553,2023-06-01 05:06:08,69.0,1,,1,-0.3989081958073732
3552,2023-06-01 05:05:52,79.0,1,,1,-0.4105355617279094
3551,2023-06-01 04:47:18,79.0,1,,1,-0.4105355617279094
3550,2023-06-01 04:47:00,69.0,1,,1,-0.3989081958073732
3549,2023-06-01 04:46:55,79.0,1,,1,-0.4105355617279094
3548,2023-06-01 04:46:41,69.0,1,,1,-0.3989081958073732
3547,2023-06-01 04:46:24,69.0,1,,1,-0.3989081958073732
3546,2023-06-01 04:24:57,39.0,1,,1,-0.53287847278605
3545,2023-06-01 04:19:31,79.0,1,,1,-0.4105355617279094
3544,2023-06-01 04:15:37,69.0,1,,1,-0.3989081958073732
3543,2023-06-01 04:15:22,69.0,1,,1,-0.3989081958073732
3542,2023-06-01 04:15:15,69.0,1,,1,-0.3989081958073732
3539,2023-05-31 23:01:18,69.0,1,,1,-0.3989081958073732
3538,2023-05-31 23:01:05,69.0,1,,1,-0.3989081958073732
3537,2023-05-31 23:00:59,79.0,1,,1,-0.4105355617279094
3536,2023-05-31 23:00:54,79.0,1,,1,-0.4105355617279094
3535,2023-05-31 23:00:47,49.0,1,,1,-0.4808626017106173
3534,2023-05-31 23:00:38,79.0,1,,1,-0.4105355617279094
3533,2023-05-31 18:36:44,52.78,4,26.86,1,-0.5005925219410062
3531,2023-05-31 16:05:11,41.6,3,26.86,1,-0.481941154524936
3529,2023-05-31 12:25:50,44.78,4,26.86,1,-0.5129707033725303
3526,2023-05-31 12:08:33,44.99,3,26.86,1,-0.47711922663018735
3525,2023-05-31 11:34:45,31.18,3,26.86,1,-0.5238833631596916
3524,2023-05-31 11:12:27,40.79,3,26.86,1,-0.48299916624029443
3523,2023-05-31 10:58:18,71.59,3,26.86,1,-0.4720289213178858
3522,2023-05-31 10:50:28,40.78,4,26.86,1,-0.5227703820673383
3520,2023-05-31 09:02:06,35.0,1,26.86,1,-0.4725578847366104
3468,2023-05-16 09:28:15,19.98,2,28.86,1,-0.5862399605826303
3467,2023-05-15 18:15:48,39.94,6,28.86,1,-0.5454671519253218
3459,2023-05-13 09:26:02,173.88,12,28.86,-1,-0.603544028351969
3449,2023-05-09 10:59:23,50.0,1,28.86,1,-0.4185489279549399
3448,2023-05-08 21:43:54,60.0,1,28.86,1,-0.4137666677738275
3447,2023-05-08 15:45:46,119.98,4,28.86,1,-0.4843131143962246
3446,2023-05-08 15:38:56,60.0,1,28.86,1,-0.4137666677738275
3445,2023-05-08 15:24:10,60.0,1,28.86,1,-0.4137666677738275
3444,2023-05-08 15:18:39,60.0,1,28.86,1,-0.4137666677738275
3443,2023-05-08 14:59:17,50.0,1,28.86,1,-0.4185489279549399
3442,2023-05-08 14:36:38,60.0,1,28.86,1,-0.4137666677738275
3441,2023-05-08 14:11:58,60.0,1,28.86,1,-0.4137666677738275
3435,2023-05-03 16:09:06,60.0,1,28.86,1,-0.4137666677738275
3433,2023-05-02 14:13:25,69.99,2,28.86,1,-0.4748349930320999
3432,2023-05-01 20:27:28,60.0,1,28.86,1,-0.4137666677738275
3431,2023-05-01 20:17:30,60.0,1,28.86,1,-0.4137666677738275
3430,2023-05-01 15:49:49,59.94,6,28.86,1,-0.5043691706627293
3429,2023-05-01 15:11:16,60.0,1,,1,-0.4256026746195998
3427,2023-05-01 12:51:10,96.9,10,28.86,1,-0.5459078318960364
3426,2023-05-01 09:03:31,60.0,1,28.86,1,-0.4137666677738275
3425,2023-05-01 05:04:22,69.0,1,,1,-0.3989081958073732
3424,2023-05-01 05:04:08,69.0,1,,1,-0.3989081958073732
3423,2023-05-01 05:03:54,79.0,1,,1,-0.4105355617279094
3422,2023-05-01 04:46:27,79.0,1,,1,-0.4105355617279094
3420,2023-05-01 04:46:14,69.0,1,,1,-0.3989081958073732
3419,2023-05-01 04:46:09,79.0,1,,1,-0.4105355617279094
3418,2023-05-01 04:45:56,69.0,1,,1,-0.3989081958073732
3417,2023-05-01 04:37:30,49.0,1,,1,-0.4808626017106173
3416,2023-05-01 04:24:49,49.0,1,,1,-0.4808626017106173
3415,2023-05-01 04:24:44,79.0,1,,1,-0.4105355617279094
3414,2023-05-01 04:24:38,39.0,1,,1,-0.53287847278605
3413,2023-05-01 04:12:01,69.0,1,,1,-0.3989081958073732
3412,2023-05-01 04:11:56,69.0,1,,1,-0.3989081958073732
3411,2023-05-01 04:11:50,69.0,1,,1,-0.3989081958073732
3408,2023-04-30 23:16:48,39.95,5,28.86,1,-0.5247958219368098
3407,2023-04-30 23:04:05,69.0,1,,1,-0.3989081958073732
3406,2023-04-30 23:03:59,79.0,1,,1,-0.4105355617279094
3405,2023-04-30 23:03:52,79.0,1,,1,-0.4105355617279094
3404,2023-04-30 23:03:48,49.0,1,,1,-0.4808626017106173
3403,2023-04-30 23:03:43,49.0,1,,1,-0.4808626017106173
3402,2023-04-30 23:03:38,69.0,1,,1,-0.3989081958073732
3401,2023-04-30 23:02:18,49.0,1,,1,-0.4808626017106173
3400,2023-04-30 23:02:13,79.0,1,,1,-0.4105355617279094
3399,2023-04-30 23:02:06,79.0,1,,1,-0.4105355617279094
3386,2023-04-25 18:29:50,60.0,1,28.86,1,-0.4137666677738275
3385,2023-04-25 18:23:31,60.0,1,28.86,1,-0.4137666677738275
3384,2023-04-23 16:38:58,60.0,1,28.86,1,-0.4137666677738275
3383,2023-04-23 13:20:18,28.97,3,28.86,1,-0.5261104188550817
3382,2023-04-22 13:03:58,60.0,1,28.86,1,-0.4137666677738275
3381,2023-04-19 18:52:52,60.0,1,28.86,1,-0.4137666677738275
3380,2023-04-19 10:56:52,60.0,1,28.86,1,-0.4137666677738275
3379,2023-04-18 11:50:20,60.0,1,28.86,1,-0.4137666677738275
3378,2023-04-18 11:46:34,60.0,1,28.86,1,-0.4137666677738275
3377,2023-04-17 18:24:07,60.0,1,28.86,1,-0.4137666677738275
3376,2023-04-17 16:57:42,60.0,1,28.86,1,-0.4137666677738275
3375,2023-04-17 12:47:46,34.95,5,28.86,1,-0.5466977614382924
3373,2023-04-17 09:06:10,60.0,1,28.86,1,-0.4137666677738275
3372,2023-04-16 15:00:59,60.0,1,28.86,1,-0.4137666677738275
3371,2023-04-15 18:56:13,60.0,1,28.86,1,-0.4137666677738275
3370,2023-04-15 18:52:24,60.0,1,28.86,1,-0.4137666677738275
3369,2023-04-15 18:03:59,60.0,1,28.86,1,-0.4137666677738275
3368,2023-04-14 19:01:03,60.0,1,28.86,1,-0.4137666677738275
3367,2023-04-14 18:59:08,60.0,1,28.86,1,-0.4137666677738275
3366,2023-04-14 18:54:51,60.0,1,28.86,1,-0.4137666677738275
3365,2023-04-14 14:12:31,60.0,1,28.86,1,-0.4137666677738275
3364,2023-04-14 14:11:48,60.0,1,28.86,1,-0.4137666677738275
3363,2023-04-14 10:26:32,54.0,1,28.86,1,-0.42095395777469213
3362,2023-04-14 10:24:44,60.0,1,28.86,1,-0.4137666677738275
3361,2023-04-14 09:59:16,60.0,1,28.86,1,-0.4137666677738275
3360,2023-04-14 09:23:51,60.0,1,28.86,1,-0.4137666677738275
3349,2023-04-11 13:28:52,75.0,2,49.81,1,-0.4846948625634113
3329,2023-04-02 18:27:42,35.0,1,,1,-0.5119378840127036
3328,2023-04-02 08:54:41,28.0,1,,1,-0.5906912877439883
3327,2023-04-01 05:04:11,59.0,1,,1,-0.4104028327976659
3326,2023-04-01 05:03:57,75.0,1,,1,-0.40657311170893734
3325,2023-04-01 05:03:52,59.0,1,,1,-0.4104028327976659
3324,2023-04-01 05:03:46,75.0,1,,1,-0.40657311170893734
3323,2023-04-01 04:57:44,59.0,1,,1,-0.4104028327976659
3322,2023-04-01 04:40:54,75.0,1,,1,-0.40657311170893734
3321,2023-04-01 04:40:49,59.0,1,,1,-0.4104028327976659
3320,2023-04-01 04:40:44,59.0,1,,1,-0.4104028327976659
3319,2023-04-01 04:40:27,75.0,1,,1,-0.40657311170893734
3318,2023-04-01 04:40:22,59.0,1,,1,-0.4104028327976659
3317,2023-04-01 04:34:51,35.0,1,,1,-0.5119378840127036
3316,2023-04-01 04:19:00,35.0,1,,1,-0.5119378840127036
3315,2023-04-01 04:18:43,35.0,1,,1,-0.5119378840127036
3314,2023-04-01 04:18:38,35.0,1,,1,-0.5119378840127036
3313,2023-04-01 04:09:38,59.0,1,,1,-0.4104028327976659
3312,2023-04-01 04:09:33,59.0,1,,1,-0.4104028327976659
3311,2023-04-01 04:09:27,59.0,1,,1,-0.4104028327976659
3307,2023-03-31 23:02:00,75.0,1,,1,-0.40657311170893734
3306,2023-03-31 23:01:55,35.0,1,,1,-0.5119378840127036
3305,2023-03-31 23:01:50,35.0,1,,1,-0.5119378840127036
3304,2023-03-31 23:01:45,59.0,1,,1,-0.4104028327976659
3303,2023-03-31 23:01:33,35.0,1,,1,-0.5119378840127036
3302,2023-03-31 23:01:28,75.0,1,,1,-0.40657311170893734
3301,2023-03-31 23:01:22,75.0,1,,1,-0.40657311170893734
3300,2023-03-31 23:01:12,59.0,1,,1,-0.4104028327976659
3299,2023-03-31 16:34:54,38.97,3,28.86,1,-0.4759852992569677
3297,2023-03-24 15:54:44,39.96,4,28.86,1,-0.503631686379757
3289,2023-03-18 18:47:03,100.0,1,,1,-0.42221768337408266
3288,2023-03-15 21:58:09,75.0,2,49.81,1,-0.4846948625634113
3287,2023-03-15 15:48:12,85.0,2,28.86,1,-0.47401031302761976
3286,2023-03-14 13:36:51,92.9,10,28.86,1,-0.547981156232951
3285,2023-03-13 12:54:46,30.97,3,28.86,1,-0.5146050304808096
3283,2023-03-06 14:14:41,1.95,5,28.86,-1,-0.6820019963770336
3281,2023-03-01 10:25:07,28.0,1,,1,-0.5906912877439883
3280,2023-03-01 03:58:37,59.0,1,,1,-0.4104028327976659
3279,2023-03-01 03:58:32,75.0,1,,1,-0.40657311170893734
3278,2023-03-01 03:58:27,59.0,1,,1,-0.4104028327976659
3277,2023-03-01 03:58:23,75.0,1,,1,-0.40657311170893734
3276,2023-03-01 03:48:18,59.0,1,,1,-0.4104028327976659
3275,2023-03-01 03:39:14,75.0,1,,1,-0.40657311170893734
3274,2023-03-01 03:39:10,59.0,1,,1,-0.4104028327976659
3273,2023-03-01 03:39:05,59.0,1,,1,-0.4104028327976659
3272,2023-03-01 03:39:00,75.0,1,,1,-0.40657311170893734
3271,2023-03-01 03:38:56,59.0,1,,1,-0.4104028327976659
3270,2023-03-01 03:30:31,35.0,1,,1,-0.5119378840127036
3269,2023-03-01 03:30:26,35.0,1,,1,-0.5119378840127036
3268,2023-03-01 03:30:22,75.0,1,,1,-0.40657311170893734
3267,2023-03-01 03:30:17,35.0,1,,1,-0.5119378840127036
3265,2023-03-01 03:07:45,35.0,1,,1,-0.5119378840127036
3264,2023-03-01 03:07:40,35.0,1,,1,-0.5119378840127036
3263,2023-03-01 03:07:23,35.0,1,,1,-0.5119378840127036
3262,2023-03-01 03:07:18,59.0,1,,1,-0.4104028327976659
3261,2023-03-01 03:07:13,59.0,1,,1,-0.4104028327976659
3260,2023-03-01 03:07:07,59.0,1,,1,-0.4104028327976659
3256,2023-02-28 22:07:42,35.0,1,,1,-0.5119378840127036
3255,2023-02-28 22:07:37,35.0,1,,1,-0.5119378840127036
3254,2023-02-28 22:07:32,59.0,1,,1,-0.4104028327976659
3253,2023-02-28 22:07:20,35.0,1,,1,-0.5119378840127036
3252,2023-02-28 22:07:08,75.0,1,,1,-0.40657311170893734
3251,2023-02-28 22:07:03,75.0,1,,1,-0.40657311170893734
3250,2023-02-28 22:06:55,59.0,1,,1,-0.4104028327976659
3246,2023-02-20 15:06:14,35.0,1,20.95,1,-0.49366919903877243
3245,2023-02-16 16:33:56,35.0,1,20.95,1,-0.49366919903877243
3242,2023-02-12 16:24:50,52.99,1,,1,-0.4662650203804605
3241,2023-02-12 12:19:15,52.99,1,,1,-0.4662650203804605
3238,2023-02-09 18:50:40,52.99,1,,1,-0.4662650203804605
3237,2023-02-09 17:48:12,60.19,2,,1,-0.5867391215295369
3234,2023-02-09 15:27:07,52.99,1,,1,-0.4662650203804605
3233,2023-02-09 15:18:34,52.99,1,,1,-0.4662650203804605
3224,2023-02-07 21:28:50,52.99,1,,1,-0.4662650203804605
3219,2023-02-04 17:24:24,52.99,1,,1,-0.4662650203804605
3200,2023-02-02 11:35:03,35.0,1,24.3,1,-0.4886396168696931
3198,2023-02-01 03:56:38,59.0,1,,1,-0.4104028327976659
3197,2023-02-01 03:56:28,75.0,1,,1,-0.40657311170893734
3196,2023-02-01 03:56:23,59.0,1,,1,-0.4104028327976659
3195,2023-02-01 03:56:18,75.0,1,,1,-0.40657311170893734
3194,2023-02-01 03:47:03,59.0,1,,1,-0.4104028327976659
3193,2023-02-01 03:46:51,59.0,1,,1,-0.4104028327976659
3192,2023-02-01 03:36:49,75.0,1,,1,-0.40657311170893734
3191,2023-02-01 03:36:28,59.0,1,,1,-0.4104028327976659
3190,2023-02-01 03:36:23,59.0,1,,1,-0.4104028327976659
3189,2023-02-01 03:36:18,75.0,1,,1,-0.40657311170893734
3188,2023-02-01 03:36:13,59.0,1,,1,-0.4104028327976659
3187,2023-02-01 03:28:32,35.0,1,,1,-0.5119378840127036
3186,2023-02-01 03:28:15,75.0,1,,1,-0.40657311170893734
3185,2023-02-01 03:24:59,35.0,1,,1,-0.5119378840127036
3184,2023-02-01 03:23:27,75.0,1,,1,-0.40657311170893734
3183,2023-02-01 03:23:18,35.0,1,,1,-0.5119378840127036
3182,2023-02-01 03:16:32,28.0,1,,1,-0.5906912877439883
3181,2023-02-01 03:06:48,35.0,1,,1,-0.5119378840127036
3180,2023-02-01 03:06:42,35.0,1,,1,-0.5119378840127036
3179,2023-02-01 03:06:37,35.0,1,,1,-0.5119378840127036
3178,2023-02-01 03:06:26,59.0,1,,1,-0.4104028327976659
3177,2023-02-01 03:06:22,59.0,1,,1,-0.4104028327976659
3176,2023-02-01 03:06:16,59.0,1,,1,-0.4104028327976659
3173,2023-01-31 22:00:20,75.0,1,,1,-0.40657311170893734
3172,2023-01-31 22:00:06,59.0,1,,1,-0.4104028327976659
3168,2023-01-31 09:13:51,52.99,1,,1,-0.4662650203804605
3166,2023-01-30 11:07:48,52.99,1,,1,-0.4662650203804605
3165,2023-01-28 16:30:29,52.99,1,,1,-0.4662650203804605
3162,2023-01-27 10:25:21,42.99,1,,1,-0.5178294491210972
3161,2023-01-27 10:02:15,42.99,1,,1,-0.5178294491210972
3160,2023-01-26 12:11:07,52.99,1,,1,-0.4662650203804605
3158,2023-01-21 11:13:24,52.99,1,,1,-0.4662650203804605
3142,2023-01-06 15:26:25,105.0,1,23.95,1,-0.500791282044467
3140,2023-01-04 18:10:51,75.0,1,,1,-0.40657311170893734
3137,2023-01-03 11:13:10,59.0,1,,1,-0.4104028327976659
3136,2023-01-02 03:27:10,75.0,1,,1,-0.40657311170893734
3135,2023-01-01 03:35:37,59.0,1,,1,-0.4104028327976659
3134,2022-12-31 12:50:22,35.0,1,23.5,1,-0.49290764915939606
3132,2022-12-29 17:00:42,59.0,1,,1,-0.4104028327976659
3130,2022-12-27 23:41:22,75.0,1,,1,-0.40657311170893734
3128,2022-12-27 16:19:29,75.0,1,,1,-0.40657311170893734
3127,2022-12-27 13:40:45,35.0,1,24.46,1,-0.48745048899693355
3126,2022-12-26 22:49:43,59.0,1,,1,-0.4104028327976659
3125,2022-12-26 21:05:19,35.0,1,,1,-0.5119378840127036
3124,2022-12-26 18:01:12,35.0,1,,1,-0.5119378840127036
3123,2022-12-26 17:54:51,59.0,1,,1,-0.4104028327976659
3122,2022-12-26 16:47:01,59.0,1,,1,-0.4104028327976659
3121,2022-12-26 13:28:08,35.0,1,,1,-0.5119378840127036
3120,2022-12-26 12:46:09,59.0,1,,1,-0.4104028327976659
3119,2022-12-26 12:35:56,59.0,1,,1,-0.4104028327976659
3118,2022-12-26 11:01:54,35.0,1,21.41,1,-0.47879469794823687
3117,2022-12-26 10:47:15,35.0,1,21.41,1,-0.47879469794823687
3116,2022-12-26 09:48:57,75.0,1,,1,-0.40657311170893734
3115,2022-12-26 09:46:08,35.0,1,21.41,1,-0.47879469794823687
3114,2022-12-26 06:35:20,75.0,1,,1,-0.40657311170893734
3112,2022-12-23 23:17:40,35.0,1,,1,-0.5119378840127036
3110,2022-12-21 09:05:50,35.0,1,24.1,1,-0.49233721257508634
3109,2022-12-20 20:20:18,40.0,1,24.1,1,-0.4790486464315133
3108,2022-12-20 20:11:29,35.0,1,21.09,1,-0.4892654709888007
3107,2022-12-20 20:04:44,40.0,1,21.09,1,-0.4865009057567241
3102,2022-12-20 12:47:48,74.99,1,24.98,1,-0.45529012821370657
3101,2022-12-20 09:06:19,74.99,1,24.1,1,-0.4638452446546278
3095,2022-12-18 21:31:35,109.99,2,42.96,1,-0.4780185927764129
3093,2022-12-18 12:11:04,59.0,1,,1,-0.4104028327976659
3092,2022-12-18 12:01:54,74.99,1,21.09,1,-0.48650289312157424
3091,2022-12-18 11:35:47,75.0,2,49.7,1,-0.4846948625634113
3090,2022-12-18 11:00:28,74.99,1,24.1,1,-0.4638452446546278
3089,2022-12-18 09:55:48,74.99,1,21.09,1,-0.48650289312157424
3088,2022-12-18 08:58:26,74.99,1,21.09,1,-0.48650289312157424
3087,2022-12-17 19:35:49,74.99,1,21.09,1,-0.48650289312157424
3086,2022-12-17 18:08:57,109.99,2,42.18,1,-0.4769893639157892
3085,2022-12-17 17:53:27,35.0,1,21.09,1,-0.4892654709888007
3084,2022-12-17 16:00:35,59.0,1,,1,-0.4104028327976659
3083,2022-12-17 15:43:23,35.0,1,21.09,1,-0.4892654709888007
3082,2022-12-17 14:28:09,40.0,1,21.09,1,-0.4865009057567241
3080,2022-12-17 14:05:23,35.0,1,,1,-0.5119378840127036
3079,2022-12-17 14:04:04,109.99,2,48.2,1,-0.4825796046885864
3070,2022-12-17 13:14:39,28.0,1,,1,-0.5906912877439883
3068,2022-12-16 21:13:24,40.0,1,21.09,1,-0.4865009057567241
3066,2022-12-16 10:50:30,649.0,1,,-1,-0.7111887612117651
3065,2022-12-15 22:59:24,35.0,1,21.32,1,-0.47537525823675747
3064,2022-12-15 21:52:07,109.99,2,42.64,1,-0.47719732885491767
3063,2022-12-15 20:35:32,74.99,1,21.32,1,-0.4792489520083386
3062,2022-12-15 19:01:47,74.99,1,25.25,1,-0.4546579399345249
3057,2022-12-15 15:00:08,35.0,1,21.32,1,-0.47537525823675747
3056,2022-12-15 11:21:27,59.0,1,,1,-0.4104028327976659
3055,2022-12-15 09:35:43,74.99,1,21.32,1,-0.4792489520083386
3054,2022-12-14 20:55:11,74.99,1,21.32,1,-0.4792489520083386
3052,2022-12-13 16:24:56,35.0,1,,1,-0.5119378840127036
3049,2022-12-12 21:15:08,50.0,1,21.32,1,-0.46839169222490334
3048,2022-12-12 18:48:31,114.99,2,56.58,1,-0.5193625157303954
3047,2022-12-12 15:24:01,109.99,2,48.72,1,-0.48587931883420904
3046,2022-12-12 09:36:45,74.99,1,21.32,1,-0.4792489520083386
3044,2022-12-11 17:24:33,35.0,1,,1,-0.5119378840127036
3043,2022-12-11 14:07:49,35.0,1,21.32,1,-0.47537525823675747
3042,2022-12-11 12:34:02,59.0,1,,1,-0.4104028327976659
3041,2022-12-11 12:03:45,90.0,2,42.64,1,-0.47077003748109714
3040,2022-12-11 10:36:11,75.0,1,,1,-0.40657311170893734
3039,2022-12-11 10:03:52,75.0,1,,1,-0.40657311170893734
3038,2022-12-10 16:39:19,50.0,1,21.32,1,-0.46839169222490334
3037,2022-12-10 12:43:42,40.0,1,21.32,1,-0.47735118216919786
3036,2022-12-10 12:41:12,40.0,1,21.32,1,-0.47735118216919786
3035,2022-12-09 21:25:04,35.0,1,21.32,1,-0.47537525823675747
3034,2022-12-09 21:24:12,35.0,1,21.32,1,-0.47537525823675747
3033,2022-12-09 21:22:25,35.0,1,21.32,1,-0.47537525823675747
3032,2022-12-09 21:19:32,35.0,1,21.32,1,-0.47537525823675747
3031,2022-12-09 21:17:41,35.0,1,21.32,1,-0.47537525823675747
3030,2022-12-09 21:15:28,35.0,1,21.32,1,-0.47537525823675747
3029,2022-12-09 21:13:00,35.0,1,21.32,1,-0.47537525823675747
3028,2022-12-09 21:09:51,35.0,1,24.36,1,-0.4879662852229102
3027,2022-12-09 21:06:32,35.0,1,24.36,1,-0.4879662852229102
3026,2022-12-09 21:03:20,35.0,1,21.32,1,-0.47537525823675747
3025,2022-12-09 20:59:39,35.0,1,21.32,1,-0.47537525823675747
3024,2022-12-09 16:48:19,74.99,1,25.25,1,-0.4546579399345249
3023,2022-12-09 15:34:54,74.99,1,21.32,1,-0.4792489520083386
3022,2022-12-09 15:30:59,85.0,2,42.64,1,-0.47214208898802934
3021,2022-12-08 12:30:32,35.0,1,21.41,1,-0.47879469794823687
3020,2022-12-08 10:00:59,74.99,1,21.41,1,-0.47952518380906506
3019,2022-12-08 09:14:40,50.0,1,21.41,1,-0.46846049038444065
3018,2022-12-08 09:06:31,35.0,1,21.41,1,-0.47879469794823687
3017,2022-12-08 09:01:48,35.0,1,21.41,1,-0.47879469794823687
3015,2022-12-07 19:52:43,59.0,1,,1,-0.4104028327976659
3013,2022-12-07 11:50:46,75.0,1,,1,-0.40657311170893734
3012,2022-12-06 15:36:23,74.99,1,32.69,1,-0.4511824235085343
3011,2022-12-06 10:22:30,59.0,1,,1,-0.4104028327976659
3010,2022-12-06 10:13:05,74.99,1,21.41,1,-0.47952518380906506
3009,2022-12-06 10:06:44,74.99,1,21.41,1,-0.47952518380906506
3008,2022-12-05 14:44:10,74.99,1,24.46,1,-0.4593950268405504
3007,2022-12-05 14:42:05,74.99,1,24.45,1,-0.45881985479680965
3006,2022-12-05 13:35:04,100.0,2,42.82,1,-0.4693111928074745
2996,2022-12-04 12:26:59,75.0,1,,1,-0.40657311170893734
2994,2022-12-04 10:35:50,59.0,1,,1,-0.4104028327976659
2993,2022-12-03 14:21:36,35.0,1,24.46,1,-0.48745048899693355
2992,2022-12-02 15:00:07,40.0,1,21.41,1,-0.47652008902176135
2986,2022-12-01 09:29:43,40.0,1,28.57,1,-0.4454157033213744
2985,2022-11-30 20:50:00,50.0,1,21.64,1,-0.46957244016973876
2982,2022-11-29 17:00:13,59.0,1,,1,-0.4104028327976659
2981,2022-11-28 23:26:38,50.0,1,21.64,1,-0.46957244016973876
2977,2022-11-28 21:16:58,385.0,1,,-1,-0.7011554162048624
2975,2022-11-27 23:40:40,75.0,1,,1,-0.40657311170893734
2952,2022-11-26 11:39:54,35.0,1,21.64,1,-0.48534802132172444
2949,2022-11-26 07:04:06,50.0,1,21.64,1,-0.46957244016973876
2945,2022-11-25 15:55:25,50.0,1,21.64,1,-0.46957244016973876
2937,2022-11-21 17:56:00,35.0,1,21.73,1,-0.4871004634260681
2936,2022-11-19 17:17:36,44.99,1,24.83,1,-0.4582285076931556
2935,2022-11-19 14:28:57,79.99,2,47.46,1,-0.481736477218439
2934,2022-11-18 17:17:25,44.99,1,21.73,1,-0.47225630373638744
2927,2022-11-18 13:57:29,59.0,1,,1,-0.4104028327976659
2925,2022-11-18 10:58:42,44.99,1,21.73,1,-0.47225630373638744
2924,2022-11-18 09:22:41,44.99,1,21.73,1,-0.47225630373638744
2922,2022-11-17 18:54:00,44.99,1,22.05,1,-0.4686989760815113
2921,2022-11-17 16:46:07,94.99,2,50.38,1,-0.4858987433184554
2920,2022-11-17 16:16:50,44.99,1,22.05,1,-0.4686989760815113
2918,2022-11-17 15:59:37,59.0,1,,1,-0.4104028327976659
2917,2022-11-17 15:58:52,129.99,3,66.96,1,-0.5379467105760635
2916,2022-11-17 11:29:01,40.0,1,22.05,1,-0.47724913823398335
2915,2022-11-17 11:05:20,50.0,1,22.05,1,-0.46540548269142396
2914,2022-11-17 10:53:13,44.99,1,22.05,1,-0.4686989760815113
2913,2022-11-17 10:50:21,44.99,1,22.86,1,-0.4732042574501251
2912,2022-11-17 05:24:48,35.0,1,22.05,1,-0.48701828627846516
2911,2022-11-17 05:20:04,44.99,1,22.05,1,-0.4686989760815113
2909,2022-11-15 11:18:21,59.0,1,,1,-0.4104028327976659
2902,2022-11-14 10:21:02,44.99,1,25.19,1,-0.45546774927908945
2901,2022-11-14 10:14:10,50.0,1,22.05,1,-0.46540548269142396
2900,2022-11-14 07:24:48,44.99,1,25.19,1,-0.45546774927908945
2894,2022-11-11 12:33:23,59.0,1,,1,-0.4104028327976659
2892,2022-11-11 10:35:01,75.0,1,,1,-0.40657311170893734
2891,2022-11-11 10:22:04,129.99,3,66.15,1,-0.5379467105760635
2889,2022-11-11 10:00:54,75.0,1,,1,-0.40657311170893734
2852,2022-11-06 10:21:59,59.0,1,,1,-0.4104028327976659
2829,2022-10-29 17:58:30,59.0,1,,1,-0.4104028327976659
2819,2022-10-21 13:52:04,50.0,1,26.03,1,-0.4363641129766226
