customer_id,PC1,PC2,PC3,PC4,PC5,PC6,PC7,PC8
10,11.208494224960466,-6.615383089065836,0.2039905839359562,0.12191803330078145,0.06627811829706069,-0.32810391783409426,-1.5960635646604688,0.08417528699682311
100,-0.956522622308602,-0.49765983932243396,-0.2513293694706484,-0.17156151513685614,-0.2286625085614566,0.9682234689635579,0.3375121240770905,-0.3578004800466926
101,-0.9479344431934311,-0.5037433792773347,-0.2662976778117406,-0.19268759488603285,-0.2360334317751469,1.0364751547575046,0.36572407131621293,-0.3957045013933396
102,-0.911730925591929,-0.5293885763421738,-0.3293966662264302,-0.2817447034760235,-0.26710560024387014,1.324190521989246,0.4846516943603093,-0.5554891176185623
103,-0.9097912040782682,-0.5307626014028402,-0.3327774002939156,-0.28651622848024744,-0.2687703929946269,1.3396058110164941,0.49102362958291335,-0.5640500994837951
104,-0.14213716289632441,1.0643562047886663,-0.7328013032302887,-1.5755184423012074,0.2043842270679332,1.8207331871730872,0.3649379081987477,0.11081759970552461
105,-0.9217921341238482,-0.522261598285743,-0.31186101989556075,-0.25699511558690374,-0.2584704292103853,1.2442324267726594,0.45160088341915133,-0.5110838650204572
106,-0.3647974360090652,0.552381867345898,-0.7552468086211358,-0.34935165900912857,-0.5582200105872089,2.659372963560854,1.0343946377123066,-0.40632007711243967
107,-0.9062461497897204,-0.5332737832398113,-0.33895606342672796,-0.2952367149315284,-0.27181298474764365,1.3677789462270813,0.5026690416320942,-0.5796962349015782
108,0.9922345448170784,1.768798918717778,-2.3568819061987596,-2.6539746553113974,1.4060918614389701,4.224295103707005,4.393832772920546,1.2578776910509835
11,-1.0716537500651806,-0.4161053204462869,-0.050667716190275505,0.11164978658152372,-0.12984962974058534,0.053257275156079954,-0.04069066586142036,0.15033199665492897
110,-0.93248800488055,-0.5146850496101447,-0.29321922291906655,-0.23068432076500592,-0.2492905505662688,1.1592305654480022,0.4164652234127707,-0.46387752383378583
112,-0.9188950899464069,-0.5243137543677516,-0.3169102683968066,-0.26412156061194964,-0.26095685734517665,1.2672557180056778,0.4611175989402567,-0.5238700008091176
113,-0.8646711697652291,-0.562723920307448,-0.4114169555362141,-0.3975070951587304,-0.30749528494908046,1.698182217452375,0.639241780415173,-0.7631878585859306
114,1.9032510868809218,3.8294200417385387,-3.4762644860584673,-1.3612509952657854,1.1470540484854255,5.785222834587149,4.368674320518763,1.4970537432318427
117,-0.45387693054336575,0.4649508126728675,-0.6540268448374631,-0.2611457239733945,-0.5000345124727066,2.259985457093039,0.8695281464995279,-0.2757743540729793
118,-0.9422973465758789,-0.507736484456282,-0.2761225544460667,-0.20655430063345406,-0.24087154772020594,1.081274097813042,0.38424178854398816,-0.42058388824117193
119,-0.9260416727493703,-0.5192513864967748,-0.30445451339387014,-0.24654166664318058,-0.2548232040556371,1.2104606375320237,0.43764125846418683,-0.49232848036730564
121,-0.9188950899464069,-0.5243137543677516,-0.3169102683968066,-0.26412156061194964,-0.26095685734517665,1.2672557180056778,0.4611175989402567,-0.5238700008091176
123,-0.20977467007319633,0.4430807467476129,-0.6584277819469937,-0.6316830359298488,1.0416248649859075,1.4751163493247645,1.597688073840336,0.6724385237579126
125,0.8920490722650588,1.9242354017357273,-2.152368553787468,-2.3539931250738397,1.5686809424246277,3.144810299728542,4.010404470675092,1.9366821714507891
126,0.2550183973858396,1.353158579082451,-0.8379900457976136,-1.9138949374973366,1.7367870626204331,1.2945016885252285,1.2687503097085873,1.2040958911619697
127,0.8920490722650588,1.9242354017357273,-2.152368553787468,-2.3539931250738397,1.5686809424246277,3.144810299728542,4.010404470675092,1.9366821714507891
129,8.103359022963726,17.59834751345305,3.044467724578714,-2.49315558118129,4.898007642434853,2.544177236377146,4.396362900367473,1.9823301065809187
13,9.030880705888139,-5.447918629384187,0.48498385048537,1.0365225568175827,-0.4234648526855625,-2.0184059330846034,0.9067047727337479,0.20974251980809888
130,7.7360928599148595,16.3519462218568,0.7352197068431037,1.2236105166186413,-3.479387387073554,3.1108186741074078,1.3876441140536722,1.7271297687311036
131,-0.2529249030737753,0.7268554775300552,-1.2401181435321447,-1.2535874151039734,0.15437182139926833,1.2775710174232437,1.7873381459872644,1.1557991107457293
133,-0.34366164678021344,0.6001852846162661,-1.1082956738905376,-1.1022831358874234,0.12287259053337515,1.141884773245344,1.5847443539177395,1.044366843308514
1330,-0.8279694833033092,0.22071096909373147,-0.49417300132965464,0.9421954778374135,-0.12114845935148368,0.2491332131267499,-0.3708124978387961,0.20355768922506656
136,-0.8050003197166244,0.20959322943027647,0.3550978420721162,0.35370001157499376,2.242070300244105,-0.15027605816677508,0.7424825732688314,-0.2285893600477929
137,-0.5895546760755584,0.7151334230337446,0.682940696945372,0.5492672182260272,4.158489733936165,-0.31472310819285265,1.3752562164442403,-0.5347431397964802
138,-0.6866128825522531,0.4873876971801304,0.5352475760150198,0.4611642424479252,3.2951432770399696,-0.2406397548877126,1.0901918546201115,-0.3968209415738345
14,10.423161451046216,-6.299280393470089,0.4864361207303078,0.9777730596082908,-0.16433613518551085,-1.209868844263043,-0.2685842180871807,0.3619471797818437
140,2.873559185978038,6.216664655423579,-3.9381569738148885,6.199399934632174,-3.5401043410389263,1.0695456364680864,-0.11237074628671744,-0.081839410494142
142,-0.5451625104147974,0.6323998690329673,-0.4580284484331313,0.05280313479330126,-0.40921352630409347,1.3238454495373961,0.4824222258167681,0.30642897510787553
143,-0.455683057513628,0.7754210159730309,-0.3591288785291881,-0.5097679296413405,0.4672861422641844,2.670704470828718,1.2856302376514035,-0.5797482399506647
144,-0.32743667708285934,1.213724484116253,-0.6239443993774126,-0.4116693450911143,0.015634364211178295,0.38331009588082543,-0.3143003604629088,0.7744347623054192
145,-0.7657566377004931,0.30615392139991493,-0.4709722447429071,0.8948286453089834,-0.6469353530848455,0.6582467812149169,0.12978186442389875,0.24544372798730352
146,-0.7993839503069476,0.2267558613113069,-0.42476810877611254,0.8087336831643362,-0.5900920467560753,0.5917401996829834,0.11104179518165147,0.23498808197832177
15,1.896945283315569,-1.9629896162458937,0.06293147899386439,0.5528818395952382,-1.3495555691285595,-2.866648510459224,3.692518984450725,0.49022285259577564
1548,-0.5736764510300261,1.077732968966158,-0.5513749295887299,1.739727343451739,1.9035535880730825,-1.5112726227598405,-1.7823654892623104,2.4726514971783455
1576,0.5264937077547148,3.18291897347837,-2.2322791703800973,4.220640078737233,-1.5420532210018827,0.3377851850872282,-1.597410625122116,-0.39249468466737775
1582,-0.7723826216353601,0.3659752467795341,-0.5953410712327396,1.1316514039923313,-0.11916363381803677,0.2938145083648021,-0.44611664796527284,0.21569901147533815
16,-0.08338309923408105,-0.9983922874303615,-0.04172246344344625,0.2150630769611818,-0.55172828388356,-0.8697664994210228,1.2242778270538466,0.303473305635837
1613,0.5264937077547148,3.18291897347837,-2.2322791703800973,4.220640078737233,-1.5420532210018827,0.3377851850872282,-1.597410625122116,-0.39249468466737775
1621,0.9854768197850274,3.909692634925897,-2.6462137441924494,3.9947892461644057,-2.2655834972086657,-0.40687845589929933,-1.4311057349924021,-0.500872327566837
1623,-0.4482821598072508,1.0807495334820658,-1.205600035690301,1.0312234529289097,-1.0378429860521587,0.15744536939590434,-0.47991783010065114,0.34687832570723487
1626,-0.24258865054054307,1.2579703465108454,-0.5606043370935736,1.7966994813947779,-1.1446560276209716,-1.0497266442824842,-1.449551344009149,0.08810200058263601
1628,-0.4182003961799042,0.8031197501316443,-0.42996325056082346,2.144844674348315,-0.7297025162406613,-0.09226453644646494,-0.6889121924008036,-0.7375327125351311
1632,0.4953730395400684,3.317319785792632,-0.0791754032100949,2.2251819148534655,6.1287061968347505,-3.0462583548334936,-0.6982258156515107,2.6103483409202295
1639,1.0069780818520329,0.9840614993228839,0.11410542565650773,1.836532545888618,-0.3713755581423716,0.21141383893622945,2.0863442099238187,-1.3728528773888118
17,11.818124806604276,-5.228475031983578,-0.8433955742759738,-1.2463814468453032,1.6058001266794109,2.9001776988224353,0.7183814881283913,0.11114192498664231
1704,0.07287059498445657,-0.16994750482646376,-0.26925407886217584,0.0065681296139075765,-0.7304398942499368,-1.5282885678564457,-0.9037654331496386,0.8912447649644456
1705,-0.8208976295916299,0.19622227898472752,-0.22882439770629273,-0.1241581305606427,-0.6482399388717076,-1.0456425222231864,-0.9555043556449339,1.0183796053877991
1757,0.5414498801265355,3.0329862911480623,4.090992026237149,-2.3807933965615296,-1.7528822558620965,-2.2414013931528314,-1.6273047182900338,1.0418159360524133
1759,-0.8653554779623182,0.08765955470393375,-0.1972380790229985,-0.08235052640280102,-0.5563318422052632,-0.8508128986263397,-0.793312309321123,0.864478959235256
1779,-0.8638891483242965,0.09124022147102502,-0.19827987382276324,-0.08372944444130284,-0.5593631982212467,-0.8572388607885801,-0.7986618035789871,0.8695549826379754
1788,-0.5650577559877613,0.8283207988692528,0.1878589150273221,0.15799543190388352,1.2588249187963252,-1.4524300075008045,-0.7537258275904479,1.4528932682856626
1796,-0.9097086806349947,0.3746704614525322,0.12468481953119852,-0.24883012820644465,0.25704639535626483,-1.030386418731324,-0.7228926436450778,0.8580050852325153
1797,5.399508128994034,7.099388777851486,-8.263056273406628,-6.368958598781776,-2.0184240079915736,-6.896587667085732,0.0929930995153293,0.5691879929181353
1808,-0.8391290226462139,0.1517025874122373,-0.2158713958817114,-0.10701355672259327,-0.6105500214188107,-0.9657462704555758,-0.8889922086286992,0.9552676178717461
1810,-0.8615023864902774,0.09706851448129523,-0.19997561535487385,-0.08597392539646989,-0.5642973717226669,-0.8676984742601994,-0.8073692377021904,0.8778172850644227
1811,0.5471381384346573,3.2520205872149064,5.030359242335,-2.0749125195018157,-1.4765163357978606,-1.2396118226253088,-1.2187551077585639,-1.767419766309853
1814,0.34708209625892844,2.793660575578957,5.18147820758066,-1.9696019735349422,-1.07990904970689,-0.23133315192344645,-0.40998717860399353,-2.633896017523337
1816,-0.7067603900705507,0.339430593535675,-0.17801424043149278,-0.9759859233495564,0.4217275560991044,-0.17562249284713638,-0.4103810055952184,0.5907073691279986
1817,-1.0890045648108662,0.13403212388579624,1.3992501025331505,-0.19500413649549903,0.5357220690184737,0.17961639738909246,0.08987112415197909,-0.8838737045786904
1818,-0.8441287693700819,-0.053137158869561246,1.1323190362106854,-0.4843089691822828,-0.5090539440932782,1.4090795066049422,0.35415728289947224,-1.669030165712228
1831,-1.010944010375307,-0.0607663777216082,1.0439664224716116,-0.06525499731031252,-0.3217392039631899,0.19193806529526505,-0.10920961172479327,-0.7371439954114672
1832,-1.0104937226254749,-0.058130807650570104,1.0520853889785535,-0.06656711061338504,-0.3231624603473267,0.19296666896340267,-0.10971782082124605,-0.7437264576249245
1849,0.010077199518964965,1.923339188205289,1.500206229477946,-1.9909648688511887,-0.28210809811482396,0.048905526326588476,-0.9998148391206468,2.287845963512832
1857,-1.001985265655348,-0.008330131195230754,1.2054981282591661,-0.0913602780564062,-0.35005574293475494,0.21240275189688387,-0.11932073635827638,-0.8681060271814881
187,-0.7792683711943641,0.2742511214229193,-0.45240703916718483,0.8602349744653581,-0.624095240495016,0.6315238843909999,0.12225194895841694,0.24124256258247423
1870,0.16264509302561564,2.3763879701977415,4.501294283871403,-1.699037274260933,-0.9564004256271016,-0.19433612696250438,-0.3619782823099945,-2.271943739667121
19,1.896945283315569,-1.9629896162458937,0.06293147899386439,0.5528818395952382,-1.3495555691285595,-2.866648510459224,3.692518984450725,0.49022285259577564
1974,0.16264509302561564,2.3763879701977415,4.501294283871403,-1.699037274260933,-0.9564004256271016,-0.19433612696250438,-0.3619782823099945,-2.271943739667121
1979,-1.0221085116674844,-0.1261130931823634,0.8426635620412809,-0.03272226535590025,-0.2864507739632006,0.16643471330234924,-0.09660899996895222,-0.5739374504515233
1980,-1.0033353547746389,-0.01623231036258606,1.1811551867845187,-0.08742619391928222,-0.3457884206305136,0.20931870925763013,-0.117796982776924,-0.8483699570444503
1983,-0.2754924223389516,1.3019674063725248,3.548833775153207,-0.745646158594432,-0.5066145158329688,-0.28786624418938556,-0.3251417800769818,-1.3589057076520845
1984,-1.0061278874011865,-0.03257722628729051,1.1308040971247442,-0.07928891012702857,-0.3369618649666557,0.20293965652050067,-0.11464524151040613,-0.8075477483546526
1987,-1.0122091616965907,-0.06817140919082888,1.0211549620053855,-0.06156841716311559,-0.31774035057313316,0.18904804821106178,-0.1077817216476023,-0.7186495754105573
2,2.5917309878798696,5.355448117607198,8.515679026045843,-3.4578547672207973,-0.41231402635522396,-2.3390702758605446,0.6185188597121538,0.48961768658737986
20,13.072702346926688,-4.310147150643432,-2.134298229308197,-2.6794583891681607,1.5459719153908082,3.861578026848479,3.0824690396850656,1.087247914547466
2005,-1.009090390793838,-0.049916994646379664,1.0773883294725772,-0.07065634103460604,-0.32759807066358587,0.1961723352738336,-0.11130166582357122,-0.7642408481632839
2010,1.7084191122403167,5.605671400543159,6.719292758227236,-4.965498583057511,-1.63769163640626,-0.9696564768327002,-1.5735627255780391,0.8691862050624843
21,11.012220091838948,-6.474674679199163,0.1892108877805479,0.07834768166639205,0.21134256520155476,-0.0719377905862118,-2.032137567003949,-0.010680398406119514
2100,0.16264509302561564,2.3763879701977415,4.501294283871403,-1.699037274260933,-0.9564004256271016,-0.19433612696250438,-0.3619782823099945,-2.271943739667121
22,1.5265718499387673,-1.7699945902320608,0.048758421778631135,0.4978320910259695,-1.197380529184975,-2.502350227398906,3.226749892648902,0.4478168079017479
2230,-0.47852624099977364,0.9939772909034467,1.3827965091214385,-1.0716160143963802,-0.6760696420803859,0.10914442897714532,-0.11124413969249818,-1.006635977148514
2232,-0.4290415529509489,1.1116206257331909,1.5023905743680028,-1.170335999804741,-0.721640832934863,0.11380709987084542,-0.11713042314745557,-1.1031619321768968
2246,-0.5229441526028749,0.6620234604555439,0.8370851743554991,-1.1589151487342673,-0.7625655903460341,-0.6829887900116963,-0.3612554228193423,1.364027610076026
2250,-0.506821752812988,0.6937014615531588,0.8631694766571186,-1.1962473841114336,-0.7811562979215912,-0.7046214595718118,-0.3706743817625173,1.3996888888167376
2256,0.6625001365709233,2.937737864227734,3.1727900258258592,-3.154581609416012,-0.3105443119227699,-1.4705404026109452,-1.0197117493603594,1.3547692175151909
2257,0.4089253101197203,0.03398386014447681,0.7957663012517016,-0.9865589664612898,-1.137909167310087,-1.540723829082386,0.8891711355833903,1.4448175967279475
2258,-0.581625120738069,0.5467245100994182,0.7421457030523353,-1.0230363873133266,-0.6949006810850517,-0.6042520008438336,-0.3269730804376668,1.2342306574687207
24,11.127068653958812,-6.578818459165215,-0.03418958512848842,-0.20472868960044957,-0.09146321939902989,0.630329159998554,-0.9635910769825944,-0.5422157435044715
25,-1.0716537500651806,-0.4161053204462869,-0.050667716190275505,0.11164978658152372,-0.12984962974058534,0.053257275156079954,-0.04069066586142036,0.15033199665492897
2544,-0.5342687988859463,0.7785545134621551,1.3480361866688848,-0.5674521181860886,-0.7878161803567887,0.2707335567693669,-0.47258931629841094,1.4832761107497727
26,-1.0716537500651806,-0.4161053204462869,-0.050667716190275505,0.11164978658152372,-0.12984962974058534,0.053257275156079954,-0.04069066586142036,0.15033199665492897
27,11.148637750502681,-6.594097188085057,-0.07178229056439468,-0.2577865552542457,-0.10997519408906527,0.8017423525309471,-0.8927371502618233,-0.637411184221644
2738,-0.4942579658563543,0.8675025478959072,1.4521762601717452,-0.6180144438747964,-0.836804879683021,0.28692568714523886,-0.5047461989026225,1.582520059188958
2739,-0.4942579658563543,0.8675025478959072,1.4521762601717452,-0.6180144438747964,-0.836804879683021,0.28692568714523886,-0.5047461989026225,1.582520059188958
2742,-0.5897940232471597,0.5816172172231019,-0.2188350990744159,-1.3246269548550087,0.5985353211165013,-0.24898977720416282,-0.5288850416483929,0.731869453736583
2760,-0.6012593893301376,0.5578774159760528,-0.21483372585172467,-1.290452198757877,0.5812041360306345,-0.24179811351046737,-0.5172689489838104,0.7180323566203028
28,-0.026324859997880458,-1.0320108807158734,-0.041206005354938166,0.22103368861267933,-0.576085632911878,-0.9230576816555968,1.2973113374938436,0.31231498623965664
2896,-0.7757191782464999,0.31414972342613956,0.3577263990873127,0.37374086321218297,1.7765386774302132,-0.5051289650223129,0.05312344127912771,0.708416994053324
29,2.0683386497992835,-2.052299659143788,0.0694901783242609,0.5783565655909606,-1.4199758261997246,-3.0352305509384143,3.908057480071605,0.5098466001553744
3,3.5356968211354713,3.446740945547477,4.85740516169878,-4.857308821959634,-1.0618661513041603,-0.6479203811094116,-2.9431564361213054,2.839311239621856
30,11.127068653958812,-6.578818459165215,-0.03418958512848842,-0.20472868960044957,-0.09146321939902989,0.630329159998554,-0.9635910769825944,-0.5422157435044715
31,-1.0716537500651806,-0.4161053204462869,-0.050667716190275505,0.11164978658152372,-0.12984962974058534,0.053257275156079954,-0.04069066586142036,0.15033199665492897
32,1.5265718499387673,-1.7699945902320608,0.048758421778631135,0.4978320910259695,-1.197380529184975,-2.502350227398906,3.226749892648902,0.4478168079017479
33,-1.0716537500651806,-0.4161053204462869,-0.050667716190275505,0.11164978658152372,-0.12984962974058534,0.053257275156079954,-0.04069066586142036,0.15033199665492897
34,3.266588062832213,-2.573042210403385,0.3006805828369194,0.6004195666444325,-1.4205404300727233,-2.7769509889708544,2.7417204721864477,0.42931955063680044
3402,-1.4105536704440955,-0.13948653352475354,0.5636008611903764,1.2525064179790903,4.418940839540699,-1.220006038625157,-1.1976558621749522,5.823416438411012
3403,-1.0910692944953044,-0.22979563404878872,0.15604594395592644,0.9443687713305834,2.420618612478426,-0.8345615573552547,-0.6047770258538108,1.7087433327463886
3404,-1.0926314233990546,-0.21480559618414805,0.17267763741559425,1.0113673764667743,2.6258232707153466,-0.9059933662623448,-0.6501620837040655,1.834129432569752
3407,-1.344767049619833,-0.5321073672373853,0.028107528819623032,0.5525143491281895,1.0391455649806063,-0.3163750331147737,-0.8993981328312092,4.859124103994154
3410,-0.839248794006966,-0.09150210680496006,-2.0639472409662813,-1.5041532597375766,-0.24673512810350556,-0.3923195830908331,-0.6815987218088346,-1.2605336100684046
3411,-0.6198980671491442,0.9397058212650985,-5.012731400391005,-3.4264723909480668,2.51086775510025,-5.045171423987469,-1.2678302185730714,-6.067597195607074
3412,1.5733792745657882,5.822130806991106,-1.911396743315777,-1.0448531116890083,1.1375445492246454,0.07769686144696299,-1.3729397394570952,-0.32155944956867444
3413,-0.9495640778548128,0.060580311737726954,-2.114735970568502,-1.3905888492188605,-0.13957498557067496,-1.6154936849930246,-1.2562268760136177,-0.8318642111353002
3417,-0.9461263323903708,0.07400260897497095,-2.1728550657493053,-1.4328882015165212,-0.13984882771710458,-1.6624816155908808,-1.2904533918004364,-0.8595204452572575
3418,-1.1474924463173481,-0.23507945215967246,0.2722474398792843,-0.00989622897394125,0.6954946527911431,0.03919054410812144,0.15132240203479883,0.024038551287599103
3420,-1.1451312442905084,-0.24071560716011606,0.26219362884759845,-0.006111951125472113,0.6697979479549389,0.03962850514256499,0.14534416575831074,0.02797063812340608
3423,-1.144552400033506,-0.24209730000829172,0.2597289558926679,-0.005184242494618661,0.6634984488653876,0.039735870470350085,0.1438786123256465,0.02893458185082531
3425,-1.1483673015582025,-0.23299118538522565,0.27597250413539226,-0.01129835182109704,0.7050156072215995,0.03902827400081268,0.15353741425234788,0.022581663339554872
3427,-0.9860662010822099,-0.34733245388807255,-0.005962620187571144,-0.41205982522097323,0.5694608668338033,1.3317596859234677,0.6888639051396823,-0.6960053505984082
3428,-0.27451948592394165,-0.5972465905960515,0.022074252197323205,-0.7095449762666178,0.782567078085639,0.601430531038726,-0.7828951987665413,-0.21857789565389113
3431,-1.1482140313426912,-0.23335703916722073,0.27531989170916965,-0.011052706986475976,0.7033475841369973,0.039056702903283426,0.15314935530946197,0.022836902742995657
3435,-1.050536657318733,-0.2576522085205539,-0.17267420838199557,0.5156800785589465,2.2146217717172325,-1.0655655420368675,-0.17934546920154923,-2.436465979012008
3437,-1.0488359465473664,-0.2448908441867275,-0.1825002653084158,0.5482195326293895,2.403438850540289,-1.1556723592629576,-0.19051233390085387,-2.644799352994354
3438,-1.0504074078758219,-0.25668237916526176,-0.17342096227168385,0.5181529895218477,2.2289713617009395,-1.0724134177162858,-0.1801941208745725,-2.4522987549197977
35,2.3468439548917686,-2.10605359420868,0.011653343803808076,0.6178085028713018,-1.272821038895558,-2.9453074470814595,3.274234233327209,0.3311364870989014
36,-1.0716537500651806,-0.4161053204462869,-0.050667716190275505,0.11164978658152372,-0.12984962974058534,0.053257275156079954,-0.04069066586142036,0.15033199665492897
37,0.8413586697571741,-1.3947407182978961,-0.12278514306391097,0.3223935391700601,-0.6743234264039877,-1.7677553542068312,2.1855710198197995,0.3888227331207702
38,1.2402488264775928,-1.5988000454492732,-0.13782264695558413,0.3663365933953414,-0.7878539167608634,-2.147462252912637,2.649778080631516,0.438551426076178
39,-1.0716537500651806,-0.4161053204462869,-0.050667716190275505,0.11164978658152372,-0.12984962974058534,0.053257275156079954,-0.04069066586142036,0.15033199665492897
4,20.439728824022254,11.130968003021081,0.4622088283325251,-0.29536354241293367,-2.988011701026809,3.9343613250551046,0.16447421599884915,1.2749522777083844
40,5.2911588541500425,0.9147985361618172,-1.4852141057474104,-2.900199800059793,0.7251985966851482,-3.3814842385537913,-0.9951250749684745,1.7034202711496917
41,9.253298900217393,2.989631018752,2.433086334102895,5.027144838260016,-2.942069187636019,-5.335641433156007,1.4301822555791313,-2.192946910710178
42,2.078146562628238,-2.057670917857292,0.071945595673206,0.5808677344843913,-1.4274626910426946,-3.045745296844141,3.9229605670515584,0.5106910216574875
43,9.962787610921412,-5.965607537903211,0.19416212883781325,0.1255508315102177,0.021020619617625677,-0.3487413337022724,-1.3781289751703623,0.05739576660700495
44,1.9264208014768034,-1.9791317492888363,0.0703106941158199,0.5604286036841004,-1.3720556896433134,-2.8982482594894226,3.7373069244127595,0.49276057512199894
45,1.5893858939827132,-1.8043944148721631,0.06448395851541609,0.5139146843589855,-1.2453295950258805,-2.5696911310092463,3.322195598404563,0.4532248422460991
46,1.5893858939827132,-1.8043944148721631,0.06448395851541609,0.5139146843589855,-1.2453295950258805,-2.5696911310092463,3.322195598404563,0.4532248422460991
47,4.743721467546981,-3.1394729202673277,0.5057503132088074,1.039308338407241,-0.8711201170962208,-2.404556004394039,1.7366926195212933,0.16433276504664218
48,3.39290707996842,0.7679544487155382,4.774896269170605,-1.6772964397341976,-2.0570583764528516,-0.4960200085639113,1.0263893931046137,-2.814664108609791
489,-0.7714334572448307,0.2927502794089998,-0.4631722595001022,0.8802944608651772,-0.637339308461583,0.6470194236711833,0.1266182458326168,0.24367865040566322
49,2.475383693375028,-0.7990211929130475,1.3398158190056098,-0.8092343677653897,-1.7155257395198806,-2.049663261334653,0.5407474309665916,1.4364904875333142
491,-0.7911428156925973,0.24621415430564234,-0.4360914788205274,0.8298332036926359,-0.6040227864753781,0.6080391438644381,0.11563447361287298,0.2375504748536738
492,2.1766366956683436,6.043348407735733,-2.4694544727204444,7.148961146042861,-1.504397894648604,0.37326132834379766,-0.9416565213358493,-1.4853638624573684
4985,-0.9913950410998122,0.17277369637889942,-2.2540362166527705,-2.6974327966548244,0.024744158280123364,-0.8234831036321335,-1.269024056508029,0.22069448764226995
5,-1.0716537500651806,-0.4161053204462869,-0.050667716190275505,0.11164978658152372,-0.12984962974058534,0.053257275156079954,-0.04069066586142036,0.15033199665492897
50,3.041385302553175,-1.2915974880222234,-0.38241924719196013,1.2518183084998786,-0.7731042401489487,1.6146855298485971,-0.17964453153870205,-0.5547035360225422
51,4.844038679477984,-3.514713028739444,0.0565239139291103,0.35390822926621823,1.4187261475882853,2.3168478262519567,-3.75850957650041,0.007570067637963612
511,-0.7234086114835886,0.4061426171828285,-0.529158695267522,1.0032509791634314,-0.718520075148072,0.7420007966270913,0.15338187530984032,0.25861088102403007
53,6.70716820945283,-4.355557493042962,0.12109912232331428,-0.41188001060808,1.2520346603317465,2.7967635389688166,-4.930367149524856,-0.13715790165775776
55,2.98520037108672,-2.522534717272441,0.4207957607089573,0.47491644054195276,0.3100632602925462,0.9932985332281509,-2.05415124174356,0.24585767854008328
57,1.848520638404739,-1.1669712502281082,0.6823272254941419,0.3273895960100708,1.770017131037975,0.2848259789128286,-1.4775802646000817,0.9749274569823498
58,0.09913521438553177,-1.0079580176787413,0.25462399661620794,0.12494512825370152,-0.3554341530054525,0.04167680806021345,-0.38740619532549925,0.2644370405745924
59,0.6933662219842368,-1.3083513723354923,0.40957404109125395,0.13169314563182388,-0.46992901299180884,0.035799170979760646,-0.5633807942321598,0.3223507699308367
6,-1.0716537500651806,-0.4161053204462869,-0.050667716190275505,0.11164978658152372,-0.12984962974058534,0.053257275156079954,-0.04069066586142036,0.15033199665492897
60,0.14696489747079752,-0.9567569289999711,0.06376279209359356,0.46132586372721607,0.24777684588813825,0.1989262444566524,-0.46394551021526903,-0.003259059742592885
61,0.6410943171429799,-1.2329217532754195,-0.26507035073203816,-0.2340680283471687,0.4592564044209285,1.6079553272940004,-0.44149746743003204,-0.5754207751308139
62,-0.04340145732454437,-0.8722991077260976,0.04588704500616422,0.40670126045205995,0.18878597472019168,0.1761705852119699,-0.39782680931402314,0.020734147315810345
631,2.0814456648811435,6.2311942419906865,-2.407543409133794,5.440364972422415,0.7086773288888998,-0.5608996741513236,-0.8611891736360928,0.0922171400318953
66,4.737671182326191,-3.479303391030733,-0.5941077508676975,-1.2375971592016626,1.0576783433174346,3.9952715953265248,-3.9948776234182537,-0.7301811659913502
67,0.09194488663668256,-1.1276309171878935,-0.04945398132896324,0.06254989412277208,0.0867171966426439,0.7289921494244448,-1.022938443262572,0.2775370416582714
69,0.17758674483392248,-1.1799998116999835,-0.04936464940161052,0.058936099902996336,0.10265670091012011,0.7787268160488857,-1.0952327225900043,0.28689944213085045
7,10.423161451046216,-6.299280393470089,0.4864361207303078,0.9777730596082908,-0.16433613518551085,-1.209868844263043,-0.2685842180871807,0.3619471797818437
716,0.2741249172337178,2.8853871857341025,-2.363517552708724,3.2425009596391092,-1.5807118234564725,1.1640889096507028,-0.8048535385903968,0.5347421235235431
75,3.0742647542448656,-2.4638307055216937,-0.34100295435955064,-0.8036793662185902,0.8874353290974247,2.0062450895710886,-3.183397002693234,-0.24835196295512985
79,1.5104731800197109,-1.7844578457959197,-0.6093717646795135,-1.135866721452341,0.004645567346855379,2.60638446335783,-1.807845522442579,-0.7303893565132805
8,10.99054143671769,-6.4821077630002275,0.20376324016907094,0.13111489734501738,0.02571314841629245,-0.45467531050701876,-1.4120794699070962,0.060348605388111445
84,-1.0129048820161315,-0.07224351564426765,1.0086106945349518,-0.05954112708731804,-0.3155413380822762,0.18745879673143626,-0.10699650953577011,-0.7084792949260857
841,2.6862624051159036,7.315263713668341,-3.5281597932282,7.753464325054103,-2.2951890294027986,0.49352568314489764,-1.2748711852968502,-1.1740088907310935
843,-0.6994658090384468,0.46267440399186893,-0.5620562542413277,1.0645509912778572,-0.7589927727342951,0.7893537909491876,0.16672489147430425,0.26605534944644377
85,0.6336738247382699,-1.2181865254625772,-0.09764255416470925,-0.43576753102041854,-0.5837649396721456,-0.19510642398576242,0.17718201273360182,-0.04710730809373707
86,-0.15237614518575304,-0.7877098456801608,-0.2944306748330894,-0.6370238296416809,0.01626587088608021,0.6475923078540734,-1.0172179861922048,-0.1147830213586126
89,3.1120173752839326,2.881894195316292,-1.0838142577924084,-3.0065326382595017,2.775128797027468,-1.0439557893055045,1.7537034977960033,-5.634704629686147
9,-1.0716537500651806,-0.4161053204462869,-0.050667716190275505,0.11164978658152372,-0.12984962974058534,0.053257275156079954,-0.04069066586142036,0.15033199665492897
91,-0.20925191762536632,-0.7647186466097728,-0.27934904280878486,-0.5907033384191863,0.007225694208837659,0.61082075604731,-0.9568001696834654,-0.09838033586423475
95,-0.946608115941682,-0.5046828991360945,-0.2686093290941765,-0.1959502300637809,-0.23717177043783247,1.0470156977099006,0.37008102218395356,-0.40155826105400283
96,-0.946608115941682,-0.5046828991360945,-0.2686093290941765,-0.1959502300637809,-0.23717177043783247,1.0470156977099006,0.37008102218395356,-0.40155826105400283
97,-0.9217921341238482,-0.522261598285743,-0.31186101989556075,-0.25699511558690374,-0.2584704292103853,1.2442324267726594,0.45160088341915133,-0.5110838650204572
98,-0.9423260517399206,-0.5077161508081339,-0.2760725243127177,-0.20648368874045267,-0.2408469111171321,1.0810459731069126,0.38414749281929805,-0.42045719768942597
99,-0.9172981880423866,-0.5254449390352912,-0.31969350332580687,-0.2680497829421467,-0.2623274204361976,1.2799465626580004,0.46636338057314014,-0.5309179446219762
993,4.907571211072411,12.159963897413212,3.716136919851651,2.8507692548902948,-4.313140250026677,-1.9153786175746919,-3.3700279936741024,-0.32068083554169163
g-1216,-0.68502139792988,0.49677936606732204,-0.581902964641028,1.101532567597907,-0.7834094751628249,0.8179212954749066,0.17477457619059253,0.2705465096865394
g-136,4.796421481470762,9.418341503490236,-11.232431483397587,-9.911466854797887,0.29982056837403465,-1.9255816743656415,-1.6919510628179706,-1.7938983961460107
g-137,-0.3143214338666029,0.6411447711272966,-1.1509211767253753,-1.1512081863754207,0.13305803583886613,1.1857596483070687,1.6502541435739209,1.080399064859598
g-139,0.08788064140273699,1.517332249422123,-0.9033073073191019,-1.0720824148050752,2.0625790124864576,0.7939190081158654,1.985663109224056,1.7675046068427223
g-140,-0.034558013793476415,0.6177499240262145,-0.7819830335064412,-0.782799700305344,1.2797810618909993,1.764174754918194,1.9307640831721709,0.7785807448936808
g-141,-0.22261578056035022,0.4302797593771307,-0.6493727830089356,-0.6206081425669826,1.0241711017273705,1.4539321137487806,1.573277918280568,0.6646596743157658
g-142,-0.008243471901450798,0.6439822439456502,-0.8005389169034534,-0.8054948360288783,1.3155480451982242,1.8075863784746176,1.9807863971855089,0.7945214892492338
g-143,10.044049336558901,7.9944369297449605,3.3843581219791683,5.310941214736052,15.630342967808945,-2.7568264333204575,0.888854114596505,-3.997148159268817
g-144,-0.945302846573471,-0.5056075023898149,-0.2708842786625957,-0.19916106490981614,-0.23829203588144318,1.0573888901644257,0.3743687984465331,-0.4073190815180749
g-145,-0.9217921341238482,-0.522261598285743,-0.31186101989556075,-0.25699511558690374,-0.2584704292103853,1.2442324267726594,0.45160088341915133,-0.5110838650204572
g-146,-1.021740448987663,-0.32532108292199874,0.05133119023296424,-0.31641747225493333,0.5806167798847751,1.0331818322005006,0.5603820040314795,-0.5267551717875644
g-147,-0.945302846573471,-0.5056075023898149,-0.2708842786625957,-0.19916106490981614,-0.23829203588144318,1.0573888901644257,0.3743687984465331,-0.4073190815180749
g-148,-0.9097932909977097,-0.5307611231083572,-0.3327737630090775,-0.2865110948627531,-0.2687686018672238,1.3395892259210875,0.49101677410628847,-0.5640408888422846
g-149,-0.9093765208737066,-0.5310563472376377,-0.3335001502490004,-0.2875363085615696,-0.2691263005761806,1.3429013673157064,0.49238585323139034,-0.5658803082890624
g-151,-0.9465949940840036,-0.5046921941617802,-0.2686321991355559,-0.19598250854890023,-0.23718303245322261,1.0471199792922115,0.37012412714852605,-0.4016161745146887
g-152,-0.8818747261434078,-0.12587931009492329,0.8983142432807893,-0.3845737473178347,-0.44174896737791614,1.1949621203040377,0.2970787713631455,-1.3477194569664774
g-153,-0.8644207170596532,-0.1762321650604567,0.7534100302927154,-0.42488011201278486,-0.44339817465002423,1.3664584541598137,0.3799684114171891,-1.3656694834694996
g-154,-0.93248800488055,-0.5146850496101447,-0.29321922291906655,-0.23068432076500592,-0.2492905505662688,1.1592305654480022,0.4164652234127707,-0.46387752383378583
g-155,-0.9508083986542858,-0.5017075783653777,-0.2612886705565649,-0.18561794584315877,-0.2335668198499129,1.0136353533898834,0.35628320163453675,-0.3830202679048788
g-156,-0.9188950899464069,-0.5243137543677516,-0.3169102683968066,-0.26412156061194964,-0.26095685734517665,1.2672557180056778,0.4611175989402567,-0.5238700008091176
g-157,-0.08162465762274146,-1.0143308779835274,-0.2608029893217776,-0.10547144409602466,-0.6064265399002919,0.23925607663934392,1.4772704559499183,-0.2675813436270793
g-159,-0.8974667984594916,-0.5394927423322238,-0.3542575651750445,-0.3168330596119532,-0.27934798415244344,1.437549909364885,0.531508984674806,-0.6184439968855903
g-160,-0.9508083986542858,-0.5017075783653777,-0.2612886705565649,-0.18561794584315877,-0.2335668198499129,1.0136353533898834,0.35628320163453675,-0.3830202679048788
g-161,-0.9304560840360667,-0.5161243851755585,-0.29676065088849374,-0.23568264709575706,-0.25103447466474565,1.1753785778701995,0.423140031062901,-0.47284542844210226
g-162,-0.945302846573471,-0.5056075023898149,-0.2708842786625957,-0.19916106490981614,-0.23829203588144318,1.0573888901644257,0.3743687984465331,-0.4073190815180749
g-163,-0.9806261325386092,-0.4805858279899755,-0.2093194429906457,-0.11226923996123483,-0.20797533835887635,0.7766688699399302,0.25833271366104565,-0.2514193771335695
g-164,-0.9233448723334952,-0.5211616975022112,-0.3091547577201556,-0.2531755316207695,-0.25713777021937134,1.231892558334439,0.44650017838502504,-0.5042308381500409
g-165,-0.945302846573471,-0.5056075023898149,-0.2708842786625957,-0.19916106490981614,-0.23829203588144318,1.0573888901644257,0.3743687984465331,-0.4073190815180749
g-167,-0.9465949940840036,-0.5046921941617802,-0.2686321991355559,-0.19598250854890023,-0.23718303245322261,1.0471199792922115,0.37012412714852605,-0.4016161745146887
g-168,-0.9217921341238482,-0.522261598285743,-0.31186101989556075,-0.25699511558690374,-0.2584704292103853,1.2442324267726594,0.45160088341915133,-0.5110838650204572
g-169,-0.9217921341238482,-0.522261598285743,-0.31186101989556075,-0.25699511558690374,-0.2584704292103853,1.2442324267726594,0.45160088341915133,-0.5110838650204572
g-170,-0.9479344431934311,-0.5037433792773347,-0.2662976778117406,-0.19268759488603285,-0.2360334317751469,1.0364751547575046,0.36572407131621293,-0.3957045013933396
g-171,-0.9217921341238482,-0.522261598285743,-0.31186101989556075,-0.25699511558690374,-0.2584704292103853,1.2442324267726594,0.45160088341915133,-0.5110838650204572
g-172,-0.9479344431934311,-0.5037433792773347,-0.2662976778117406,-0.19268759488603285,-0.2360334317751469,1.0364751547575046,0.36572407131621293,-0.3957045013933396
g-173,-0.923994095000264,-0.5207018128188633,-0.30802322972942525,-0.2515785074263273,-0.25658056590851963,1.2267330779756351,0.44436749864282343,-0.5013654868933978
g-174,-0.2578930145406676,0.6489147196573166,-0.7277188957158609,1.662525747509714,-0.8663456503363779,1.3107367097073837,-0.09476815695088017,-1.4932897480824983
g-176,-0.943489849265463,-0.5068917608354626,-0.2740441455405345,-0.2036208607757828,-0.23984806583432902,1.0717970808823918,0.380324447916843,-0.41532076473201224
g-177,-0.9217921341238482,-0.522261598285743,-0.31186101989556075,-0.25699511558690374,-0.2584704292103853,1.2442324267726594,0.45160088341915133,-0.5110838650204572
g-179,-0.93248800488055,-0.5146850496101447,-0.29321922291906655,-0.23068432076500592,-0.2492905505662688,1.1592305654480022,0.4164652234127707,-0.46387752383378583
g-180,-0.9401016618158818,-0.5092918241606219,-0.27994940599011714,-0.21195547016213914,-0.24275602445856592,1.0987235692705193,0.39145455643949684,-0.43027456666058456
g-1803,-0.7152839512005175,0.5151903107110816,-0.6992606325929753,1.3262600069040678,-0.11712482652429289,0.33971101115064767,-0.5234688625251177,0.22817054408231754
g-1804,-0.37737726443986697,1.3560825478905896,-0.3881728006412691,1.747893463816469,1.7488876166089693,-0.16734993208490406,-0.4974421378555702,0.7845239608581362
g-1815,-0.7926337380514206,0.31305332044228373,-0.5584840460343407,1.06262980606161,-0.11988673513617754,0.27753645120641623,-0.4186822315390786,0.21127574808256194
g-182,0.6097119848107733,0.24612599280585998,0.5159400719156949,-2.5210255483381983,0.2462755398316105,2.0219489843485245,-1.0656736373535343,-1.4863932127304293
g-183,0.07627899187837055,-0.9649183329218227,-0.36258053991983336,-0.1032331362781474,-0.41480719343841993,0.1434577883908008,1.483545661702035,-0.34278420187919156
g-184,-0.9233448723334952,-0.5211616975022112,-0.3091547577201556,-0.2531755316207695,-0.25713777021937134,1.231892558334439,0.44650017838502504,-0.5042308381500409
g-1847,-0.6627132208713543,0.6525725794619044,-0.7949393444541918,1.5054360946394685,-0.11524769720383264,0.38196790877420483,-0.5946870254178868,0.23965308075926262
g-1848,0.1523685517654634,2.513682142960311,0.572687648700743,0.5192709983097984,-1.3217180853453065,-0.424914291661682,-1.919716574752987,2.509694080626413
g-1849,-0.6627132208713543,0.6525725794619044,-0.7949393444541918,1.5054360946394685,-0.11524769720383264,0.38196790877420483,-0.5946870254178868,0.23965308075926262
g-185,-0.93248800488055,-0.5146850496101447,-0.29321922291906655,-0.23068432076500592,-0.2492905505662688,1.1592305654480022,0.4164652234127707,-0.46387752383378583
g-1850,-0.7376075896450804,0.4568522949162766,-0.6586316179862209,1.2501746610191642,-0.11792193084453469,0.32176703931630746,-0.49322677706901713,0.22329459893950573
g-1854,-0.7404526333213661,0.4494173866984142,-0.6534536394336781,1.2404779382960553,-0.11802351807509641,0.3194801637372428,-0.4893725642265077,0.2226731824563046
g-1855,-0.7598140914089928,0.39882039058009044,-0.6182157920996189,1.1744885504509064,-0.1187148525959521,0.3039172231593036,-0.463143377998878,0.21844423887461392
g-1856,-0.6627132208713543,0.6525725794619044,-0.7949393444541918,1.5054360946394685,-0.11524769720383264,0.38196790877420483,-0.5946870254178868,0.23965308075926262
g-1857,-0.6765635795773874,0.6163776533093948,-0.7697316961770686,1.4582301100328154,-0.11574224834023876,0.37083484696917,-0.5759237878468393,0.23662787546279657
g-1858,-0.7709093280256362,0.3698253819664078,-0.5980224651165439,1.1366728100755839,-0.11911102730838505,0.2949987570302806,-0.44811253547966,0.21602080932375378
g-1859,-0.7380158348990407,0.8323188272519186,-0.4743067839953059,1.3847492533791301,0.7042624607871577,0.3680006114565717,-0.40403124341467617,0.11425236792131035
g-186,-0.9288948081726568,-0.5172303337088043,-0.29948179331177444,-0.23952323285422109,-0.2523744612148927,1.1877862964608483,0.4282687820697854,-0.4797361363396771
g-1863,-0.5061214994590622,0.9418643201376435,-1.0984399986491897,0.9459010955197107,-0.9535951041177843,0.14777830938773376,-0.43916427390117263,0.3286418355286092
g-1864,-0.5635427025204808,0.5822536417181243,0.7714011035683146,-1.0649071448857077,-0.7157514820652492,-0.628514578577098,-0.33753711290209054,1.2742273183112356
g-1865,-0.5102292518607277,0.9320006862838377,-1.0908294881874852,0.9398414980092051,-0.9476118159019354,0.1470917543681803,-0.4362699545786737,0.32734667920801225
g-1868,-0.4663279741129853,1.037417490189153,-1.172166214677115,1.0046029654336708,-1.0115577337966628,0.15442925664565482,-0.4672027626067733,0.3411885595838154
g-187,0.3838309457057557,-1.1072810222875729,-0.4162846797195959,-0.11467121347659842,-0.47876973301223597,0.007902448487902537,1.8521883731500086,-0.3940303408042605
g-1871,-0.7482066090102703,0.36056373320270074,-0.6499243436853356,0.5887865024950227,-0.6009777013203517,0.10731707149663361,-0.26859128367438856,0.2523134619804532
g-1872,-0.5017625133758856,0.9523312223493875,-1.106515974497926,0.9523313032428528,-0.9599443354039602,0.14850685470471903,-0.44223561229097597,0.3300162047273787
g-1876,-0.4402421345741738,1.2750174377915755,-1.9326505142697075,0.5103027074610009,0.0660696674068691,-1.5716430495870564,-1.5321040428831965,-1.639533538088352
g-1877,-0.4219981313686752,0.7960338672204387,-0.42775886368415034,2.1330281678984044,-0.7262162958370131,-0.09141879389824666,-0.6851448635060625,-0.73237262723002
g-1879,-0.7011543376324973,0.27517917535817793,-0.2657232695623384,1.2644444073448964,-0.4699582858105418,-0.029251668097960166,-0.4082237013582784,-0.35307555511407623
g-188,-0.9104255666867461,-0.5303132430204849,-0.3316717718485349,-0.2849557585742429,-0.26822594253382226,1.334564426008957,0.4889397647495357,-0.5612503332550275
g-1884,-0.46793122698651257,0.7103310677573377,-0.40109710130421483,1.9901091138692069,-0.6840509295894919,-0.08118965168468611,-0.6395795279193063,-0.6699620904404415
g-1887,-0.2998932848668223,1.1534448998293476,-1.0542096111135706,1.0693871919613867,-0.7207723132072791,-0.38825656636735334,-0.34059042893066016,0.13842169600902188
g-1888,-0.49585297842888076,0.7549163484653915,-0.7993976959226152,0.8262056130463256,-0.570729607999206,-0.2761506462149105,-0.2644421052985634,0.14144587121629176
g-1889,0.7700489957142164,2.934460183528729,-0.8236432809465598,2.8092675305260237,-0.24935092864748692,-0.4743287421203637,0.11952356766471225,-0.7873191305354198
g-189,-0.09572346030288745,-0.8106108648688994,-0.30945315118713657,-0.683162634976302,0.025270588687935455,0.6842196282016667,-1.0773988219534167,-0.1311213695284305
g-1890,-0.19698220338104094,1.3627379614703024,-1.1880277922461098,1.1970975329435405,-0.7995694208233156,-0.4471306198736316,-0.38058082795537906,0.13683350644041514
g-1895,-0.04427731960620421,1.3023018054749358,0.13686240704140848,1.7737072867547028,0.2958685875314922,-0.04037393787211898,0.38283029756608405,-0.7195954061367901
g-190,-0.09825576889355585,-0.3547586196378433,-2.0654446366456645,-1.8940088494864968,-0.0003194579096189182,-0.8285178182824197,-2.013561075700807,-0.9491834315533485
g-1902,-0.8282826362885738,0.17818864768599094,-0.2235775136676642,-0.11721336269615917,-0.6329728502864543,-1.0132788760334532,-0.9285622207421101,0.9928147761359667
g-1904,-0.8187339739635167,0.20150576340878062,-0.2303616272100837,-0.12619280523225107,-0.6527128829729035,-1.0551244073586004,-0.9633978490712847,1.0258695764822565
g-1907,-0.8394431701134979,0.1509354629083724,-0.21564820104932886,-0.10671813637633876,-0.6099005816269899,-0.9643695679149015,-0.8878461293101187,0.9541801271367227
g-191,-0.9453091482558146,-0.5056030385173448,-0.2708732954817467,-0.19914556338825287,-0.23828662737562975,1.0573388096482281,0.37434809758230925,-0.40729126897494256
g-192,-0.15237614518575304,-0.7877098456801608,-0.2944306748330894,-0.6370238296416809,0.01626587088608021,0.6475923078540734,-1.0172179861922048,-0.1147830213586126
g-194,-0.8355702726138078,-0.08361420727531495,1.043826991106071,-0.5036725839937348,-0.5078319704629283,1.4981662231943005,0.3986943556369901,-1.6688319091287787
g-1941,-0.823965390581323,0.18873103722002246,-0.22664482132516242,-0.12127324652310303,-0.6418979298918903,-1.032198535597395,-0.9443124862498613,1.0077598742074074
g-196,0.35689591854705077,0.45537854089050794,0.42606049539531066,-0.8600299559645038,-0.4098499997055152,1.8689801446336842,-0.6369969495222786,-0.8477896865382548
g-1968,-0.8667317422223523,0.08429882082059767,-0.19626027368371618,-0.081056304718469,-0.5534866791286538,-0.8447816340110008,-0.788291393446921,0.8597147170000077
g-197,0.11789287040076853,-0.8969621419281789,-0.366097355843438,-0.8571350127905252,0.05922405055530026,0.8223277124405235,-1.304318505293572,-0.19272724033599198
g-198,-0.93248800488055,-0.5146850496101447,-0.29321922291906655,-0.23068432076500592,-0.2492905505662688,1.1592305654480022,0.4164652234127707,-0.46387752383378583
g-1999,-0.8552391522481892,0.11236286175740284,-0.2044255048571546,-0.09186379248490292,-0.5772454103539281,-0.8951461266906632,-0.8302188990231688,0.8994988515861536
g-200,-0.9547837383646173,-0.4988915986754124,-0.2543600644170262,-0.1758389993838123,-0.23015492969715323,0.9820426684685293,0.3432243130550767,-0.3654750631274884
g-201,0.10141972854739914,-0.8903031152913509,-0.3617292065760067,-0.8437190363580989,0.05660571050652372,0.811677430904137,-1.2868194680211371,-0.18797646943064783
g-202,-0.9453091482558146,-0.5056030385173448,-0.2708732954817467,-0.19914556338825287,-0.23828662737562975,1.0573388096482281,0.37434809758230925,-0.40729126897494256
g-2026,-0.8531325436650107,0.11750704158536662,-0.20592220369634345,-0.0938448208294754,-0.5816004206028899,-0.9043780120015404,-0.8379042722346692,0.9067913417543335
g-2029,-0.7811978599438177,0.4327983342373927,-1.8033510592008417,-1.246495538314025,-0.5405360109214354,-2.106212980104521,-1.7025966632367113,0.05719019040746821
g-203,0.11645952266388555,-0.8963827320715346,-0.3657172779613575,-0.8559676726662998,0.058996225662106806,0.8214010187306515,-1.3027958931716503,-0.1923138700884559
g-2031,-0.8333223571455144,0.16588202813746267,-0.21999690338407868,-0.11247407228119816,-0.622554191519401,-0.9911930812058677,-0.9101762063791904,0.9753686710108478
g-2034,-0.7993840556059447,0.2487568097030938,-0.2441093165413776,-0.1443892262653771,-0.6927151375144899,-1.1399224227461606,-1.03399062334244,1.092853585996147
g-204,-0.9104276952132585,-0.5303117352531329,-0.33166806204687366,-0.284950522607428,-0.26822411569657656,1.334547510255248,0.48893277259475454,-0.5612409389802602
g-205,-0.046923886722746444,-0.4999315872946948,0.7557760679172189,-0.28788885704190154,-0.5164870674393693,0.8583051657543679,0.39877930419242147,-1.4666021691485698
g-206,-0.15237614518575304,-0.7877098456801608,-0.2944306748330894,-0.6370238296416809,0.01626587088608021,0.6475923078540734,-1.0172179861922048,-0.1147830213586126
g-2065,-0.8575983861352584,0.10660178992459085,-0.2027493213229437,-0.08964519846649813,-0.5723681456166974,-0.8848071501760536,-0.8216118929280984,0.891331843218643
g-207,0.19739735638508524,-1.1764418203962919,-0.1007770567836722,0.02193855373438889,-0.047898879024705916,0.7749687877187019,-1.0547313985746019,0.15760662235418105
g-2070,-0.8617884257812697,0.09637002803133139,-0.1997723907605144,-0.08570493762738837,-0.5637060402082013,-0.8664449514416124,-0.8063257032164854,0.8768270969801574
g-2072,-0.8620938656638774,0.09562416679478643,-0.19955538247459398,-0.0854177057847764,-0.5630746016819275,-0.8651064085399467,-0.8052113910892773,0.8757697494697217
g-208,1.1076684096013263,0.3179857366809131,-1.1135542243300873,0.9738023318229846,-0.632356996003086,0.4088186609486195,-1.4640826055353158,0.1464270917910303
g-2085,-0.863883029993272,0.09125516197553458,-0.19828422076173202,-0.08373519804321913,-0.5593758467001957,-0.8572656734251387,-0.7986841246013783,0.8695761625900547
g-2089,-0.9985692137912768,0.011664292498108058,1.2670916552443487,-0.10131446201212457,-0.36085310001563614,0.22020612536028245,-0.12317620129580424,-0.9180430559433214
g-209,1.4608775303363841,-1.9471597871844475,-0.1056418500533228,-0.03572294592061795,0.16871636875786725,1.5068730136338233,-2.114414950727917,0.2799282696281173
g-2095,-1.003133183623959,-0.015048986512097812,1.1848004576177833,-0.08801530933804139,-0.3464274373059631,0.209780533918102,-0.11802515957687938,-0.8513253649153
g-210,0.408690991392229,-1.3030358260170898,-0.10912012875924104,0.00700187199407299,-0.034254296925284373,0.8951318356375576,-1.2235664843889118,0.15881782819096632
g-2100,-1.0095490424525044,-0.052601519342119984,1.0691185565186032,-0.06931985576926829,-0.3261483778803921,0.19512462571771585,-0.11078401695321129,-0.7575361194349587
g-211,0.4488652279450377,-0.9480339121735565,0.9509234867378205,-0.16288097087976822,-0.22115115925257237,1.0187729494395095,-1.2750307685540034,-0.7001256530984863
g-2110,-1.0097717749204669,-0.053905190220639304,1.06510255242329,-0.06867082582264282,-0.32544437159307865,0.19461583232139346,-0.1105326339956779,-0.7542801391098907
g-2111,-1.0993990080940739,0.1426015134828107,1.3995758697648757,-0.20276047821528523,0.633622590018301,0.1735513825142754,0.11342250756439733,-0.8690867876417255
g-2113,-0.7188799484048075,0.6607087952136994,1.4508116054639162,0.1925427935297029,1.5575284087087076,-0.35819502559128685,-0.01695176035393874,-0.19011723696251082
g-2115,-1.0117979074113,-0.06576430509727292,1.0285701310153317,-0.062766789134987,-0.3190402311212098,0.1899874867512959,-0.10824587633272967,-0.7246614329262444
g-212,0.32754584983259244,-1.2544187036586536,-0.10591605800492382,0.012738150581964211,-0.039494357970863044,0.848984456265324,-1.158727110793146,0.1583526770799048
g-213,0.354495744488537,-1.0488299384615607,0.08325031623155052,0.5208757258753279,0.3120866629929508,0.2237336808472533,-0.5360258419340749,-0.02941562815960954
g-2136,-1.0124399472376222,-0.06952221534755504,1.0169937560240507,-0.06089592101224886,-0.31701089036738167,0.1885208589767402,-0.10752124973530658,-0.715275872475445
g-214,0.1204235572340492,-0.9449816141209617,0.061270511953315704,0.4537099686685437,0.2395521951392498,0.1957535950934078,-0.45472708010707896,8.613154707831607e-05
g-215,0.7260167167408186,0.08047335043577483,-0.3429536315075324,0.4155891703586664,-0.01945656099239304,1.4871421457158138,0.047543877170246496,0.14830310253303858
g-216,0.9861259263695437,-1.3553462301759345,-0.013857327378498138,0.10722489911544003,0.7967199582409467,0.6400563782702404,-1.1626517883562668,0.004466456384171285
g-2163,-1.009626099362077,-0.05305253957243189,1.0677291728007903,-0.06909531624719288,-0.32590481864847476,0.19494860267495898,-0.11069704807074919,-0.756409674854275
g-217,0.3337020906411749,-1.1265353553618198,0.31578901063164905,0.12760884209068443,-0.4006298787600797,0.039356668329879434,-0.4568704464972434,0.2872979186063611
g-2176,-1.0108454952750139,-0.060189760991585045,1.0457427106340267,-0.06554206479925982,-0.3220505876183709,0.1921631058244959,-0.1093207990047616,-0.738584123252777
g-218,0.18997713591498275,-1.0538800735841873,0.2783116864223461,0.12597671842200983,-0.37293733434975224,0.04077827560463065,-0.41430797342296777,0.27329049047939885
g-2182,-1.0022083049283372,-0.009635597828013836,1.2014765922795436,-0.09071035409710229,-0.34935076690706224,0.2118932576580974,-0.1190690071308176,-0.8648455618743224
g-2185,-1.001142892449043,-0.0033996537127535405,1.2206866379418917,-0.09381490643694093,-0.3527182915920231,0.214327006265939,-0.1202714655891116,-0.8804201303348619
g-219,0.2305543409972162,-1.0743925049473764,0.28889248690526403,0.12643750838676956,-0.3807556429790882,0.040376919764624535,-0.42632444058437424,0.2772451432038698
g-220,1.742251088998015,-1.9097773454919074,0.16343720807634457,0.1628160235383491,-0.1346678893547942,0.42475619606808523,-1.332487971325055,0.28641360182873576
g-2201,-1.0132467845366482,-0.0742446983338319,1.0024459807186181,-0.058544842276790715,-0.3144606625692079,0.18667778017728767,-0.10661062746127084,-0.7034812455169525
g-221,-0.006928071580830577,-0.9543413166484412,0.22696722565087338,0.12374068606248369,-0.33499815939164834,0.042725897546455054,-0.3559967872535843,0.25410011712303465
g-222,0.4976189962466614,-0.4469366261035497,0.42843128130895747,0.3436954649219329,2.896721910515805,0.5425778686419526,-0.17814980993501398,-0.15861998528183546
g-223,0.312460661305003,-1.262473476480111,-0.04922396414370521,0.05324488079587261,0.1277591848171227,0.8570519413231767,-1.20908607417059,0.3016439099166757
g-224,0.5599324180099865,-1.413799272001237,-0.04896582951821753,0.04280241699647038,0.1738181705177159,1.0007658398509385,-1.417988504377983,0.3286976163716269
g-2240,-1.003258431937589,-0.015782074869429803,1.182542153091862,-0.08765034276152986,-0.34603155608991243,0.2094944260351408,-0.11788380034086675,-0.8494944417065831
g-2245,-1.010103609427523,-0.05584744402537087,1.0591193711139102,-0.06770387863989245,-0.32439551876325823,0.19385781438441851,-0.11015811500184376,-0.7494292674069982
g-225,0.06577147650568525,-1.111626213611576,-0.049481282478443314,0.0636543227308644,0.08184584995237695,0.713792504593153,-1.00084424933927,0.2746757545197428
g-2252,-0.9971986518245052,0.019686300872697276,1.2918037348158262,-0.1053082028810638,-0.365185132298973,0.22333693464158652,-0.1247230611848986,-0.9380784052523886
g-2254,-1.0065543461238962,-0.03507332316428938,1.1231147827084311,-0.07804623327542129,-0.3356139266763209,0.20196548610024823,-0.11416392661293558,-0.8013136271091105
g-226,-0.2849657930821152,-0.7384051642027416,-0.0862536123940522,0.2267140411756395,-0.20220140191425953,-0.3715640836086845,0.004849538092053614,0.03842888226366326
g-2268,-1.0017180762143107,-0.006766250111727894,1.2103157190632683,-0.09213885313457873,-0.3509002675256908,0.21301309947849398,-0.11962229487160912,-0.8720118949296537
g-227,0.463591502733123,-1.0972312962617066,0.09349460643077258,0.5521801678788507,0.3458933397373504,0.23677456668195332,-0.5739173580936567,-0.043165731845578155
g-2277,-1.0100536684110923,-0.05555513527775133,1.060019838514754,-0.06784940396686849,-0.32455337087114194,0.19397189590831126,-0.11021448002364508,-0.7501593224744055
g-2279,-1.0080713199492721,-0.04395229181089747,1.0957628068113894,-0.07362585644431328,-0.3308191200613488,0.19850022451622107,-0.11245182163689611,-0.7791379785642214
g-228,-0.12916973025367334,-0.834247207883792,0.03783324812249226,0.38209051509537245,0.16220803691128152,0.16591817692859223,-0.3680374760533526,0.03154412439207772
g-2280,-1.0062800407860113,-0.03346779216966425,1.1280606775318933,-0.07884554367877292,-0.33648094298643166,0.20259208870456813,-0.11447351635409696,-0.8053235175008662
g-2282,-1.0057724591251305,-0.030496876273052233,1.1372126886753624,-0.08032460823224122,-0.3380852922932673,0.20375157029929572,-0.11504638918341224,-0.8127435219407805
g-2285,-1.0069334821245848,-0.037292436379429944,1.1162787262260696,-0.07694145218741053,-0.3344155646652789,0.20109941616790633,-0.11373602164680098,-0.7957712857968596
g-2286,-1.0062800407860113,-0.03346779216966425,1.1280606775318933,-0.07884554367877292,-0.33648094298643166,0.20259208870456813,-0.11447351635409696,-0.8053235175008662
g-2287,-1.000600373105304,-0.00022424477513068248,1.2304685971065172,-0.09539577744300351,-0.3544330709076559,0.21556629689113166,-0.12088377020009151,-0.8883508659179776
g-2289,-1.0122091616965907,-0.06817140919082888,1.0211549620053855,-0.06156841716311559,-0.31774035057313316,0.18904804821106178,-0.1077817216476023,-0.7186495754105573
g-229,0.8127844642359077,0.38790638384752685,-0.9959321907605991,1.3373799248687055,-0.5642564225897695,0.3059570561869003,-0.9011678977923713,0.1672489814794447
g-2293,-1.0122091616965907,-0.06817140919082888,1.0211549620053855,-0.06156841716311559,-0.31774035057313316,0.18904804821106178,-0.1077817216476023,-0.7186495754105573
g-2297,-1.0122091616965907,-0.06817140919082888,1.0211549620053855,-0.06156841716311559,-0.31774035057313316,0.18904804821106178,-0.1077817216476023,-0.7186495754105573
g-230,0.14696489747079752,-0.9567569289999711,0.06376279209359356,0.46132586372721607,0.24777684588813825,0.1989262444566524,-0.46394551021526903,-0.003259059742592885
g-2307,-1.0022083049283372,-0.009635597828013836,1.2014765922795436,-0.09071035409710229,-0.34935076690706224,0.2118932576580974,-0.1190690071308176,-0.8648455618743224
g-231,-0.136282056875497,-0.799319716819378,-0.09297933376409774,0.2484611432191133,-0.21587586039867163,-0.4518551650735008,0.013456619986863467,0.017279234562614085
g-2313,-1.0031708077620196,-0.015269203589417763,1.1841220711485088,-0.08790567470533309,-0.3463085160279308,0.20969458815023684,-0.11798269577630809,-0.8507753622399222
g-2315,-1.0085139438155992,-0.046543004561254105,1.0877820248620147,-0.07233607526887152,-0.32942008745662754,0.19748912765054064,-0.11195226224346715,-0.7726675496530191
g-232,-0.3437609190854756,-0.5663163614394114,0.23172656059528565,0.10910048987577789,0.6109091299824957,-0.3941174432455892,0.19528940300605177,-0.08850228722287823
g-2329,-1.0128978501359989,-0.07220235748967072,1.008737483681001,-0.05956161759249187,-0.31556356424386944,0.18747485983264436,-0.1070044459396583,-0.7085820893842514
g-233,-0.3437828806100982,-0.7143082679019804,-0.08359301647009006,0.21811120917124682,-0.19679198833550904,-0.33980211900705565,0.0014447037632736705,0.046795370164464625
g-234,-0.17321215136227827,-0.7841897487331155,-0.09130879781965263,0.24305959390531945,-0.2124793958170772,-0.4319124510915156,0.011318791359870418,0.02253238805397166
g-2343,-1.0118987385951594,-0.06635447804891755,1.0267520824343588,-0.06247297270814409,-0.31872152685665495,0.18975715553393685,-0.10813207504707914,-0.7231874477735464
g-235,-0.28904123343752286,-0.736735488471561,-0.08606925950522905,0.22611795030825657,-0.20182658324634364,-0.36936329472666235,0.004613616868984107,0.039008596830586224
g-236,-0.32026230407734435,-0.7239444623730895,-0.08465697173687393,0.22155142658190108,-0.1989551781741046,-0.35250352519089306,0.002806275200712095,0.043449665246866734
g-237,-0.2932998665566195,-0.7349907601117109,-0.0858766198762619,0.2254950649048523,-0.20143491632114274,-0.3670635794557265,0.004367090887385973,0.03961436981191455
g-238,2.5646920714518386,4.430716647459216,-3.9861121522353176,0.4474793926102593,-1.0145128855333143,-1.7339781441945514,-2.013371343694331,-1.0653605456227506
g-239,-0.2096866417217904,-0.7692464380600375,-0.08965887116639996,0.23772468314729464,-0.20912483319384498,-0.4122157690497518,0.0092073369829135,0.02772073373898315
g-240,-0.0661081265042738,-0.8280694219517121,-0.09615365743364791,0.2587250743222025,-0.22232976397973192,-0.489749967180925,0.01751888517467438,0.007297282649010889
g-241,-0.2096866417217904,-0.7692464380600375,-0.08965887116639996,0.23772468314729464,-0.20912483319384498,-0.4122157690497518,0.0092073369829135,0.02772073373898315
g-242,-0.2096866417217904,-0.7692464380600375,-0.08965887116639996,0.23772468314729464,-0.20912483319384498,-0.4122157690497518,0.0092073369829135,0.02772073373898315
g-243,-0.2096866417217904,-0.7692464380600375,-0.08965887116639996,0.23772468314729464,-0.20912483319384498,-0.4122157690497518,0.0092073369829135,0.02772073373898315
g-244,0.058667677695364795,-0.0316062104064844,-0.5082651483079456,1.0154123767341876,-0.7227577420161692,0.21304731584072129,0.17750657043225415,0.12817277238950534
g-245,-0.2096866417217904,-0.7692464380600375,-0.08965887116639996,0.23772468314729464,-0.20912483319384498,-0.4122157690497518,0.0092073369829135,0.02772073373898315
g-246,-0.2096866417217904,-0.7692464380600375,-0.08965887116639996,0.23772468314729464,-0.20912483319384498,-0.4122157690497518,0.0092073369829135,0.02772073373898315
g-247,-0.2096866417217904,-0.7692464380600375,-0.08965887116639996,0.23772468314729464,-0.20912483319384498,-0.4122157690497518,0.0092073369829135,0.02772073373898315
g-249,-0.2096866417217904,-0.7692464380600375,-0.08965887116639996,0.23772468314729464,-0.20912483319384498,-0.4122157690497518,0.0092073369829135,0.02772073373898315
g-250,-0.2096866417217904,-0.7692464380600375,-0.08965887116639996,0.23772468314729464,-0.20912483319384498,-0.4122157690497518,0.0092073369829135,0.02772073373898315
g-251,-0.2096866417217904,-0.7692464380600375,-0.08965887116639996,0.23772468314729464,-0.20912483319384498,-0.4122157690497518,0.0092073369829135,0.02772073373898315
g-252,-0.2096866417217904,-0.7692464380600375,-0.08965887116639996,0.23772468314729464,-0.20912483319384498,-0.4122157690497518,0.0092073369829135,0.02772073373898315
g-254,-0.2856037801411579,-0.8465820002287032,0.1461204044781045,0.3129060852027861,-0.7298804402988112,-0.7894414566837556,1.1537093330643873,0.21800770991980453
g-255,-0.2856037801411579,-0.8465820002287032,0.1461204044781045,0.3129060852027861,-0.7298804402988112,-0.7894414566837556,1.1537093330643873,0.21800770991980453
g-2551,-0.384835472629712,0.8414507408814331,2.233485252964526,-0.5162594733963946,-0.29154329655749744,-0.40587821919272654,-0.23919926324247148,-0.3784474701370731
g-2553,-0.4278593422488434,0.7626745495672819,2.090400680576597,-0.4769257995244532,-0.2814144350115498,-0.3771169204687937,-0.2267642301447953,-0.3453235135040604
g-256,-0.42149401648708434,-0.7721623322746463,0.11210019552080165,0.27811342947837564,-0.6261487034100274,-0.6437579324553963,0.9472246255320012,0.2063081119014597
g-2560,-0.4692631171396247,1.015999149074477,1.40518352787408,-1.0900955782446453,-0.6846001916702511,0.11001724236064771,-0.11234600321572415,-1.0247048366766345
g-257,-0.2856037801411579,-0.8465820002287032,0.1461204044781045,0.3129060852027861,-0.7298804402988112,-0.7894414566837556,1.1537093330643873,0.21800770991980453
g-2574,-0.5522886121323891,0.8186169589068457,1.204528398847177,-0.9244630163879216,-0.6081407690227931,0.1021942050898894,-0.10246998667837898,-0.8627534227771758
g-2577,-0.5255042237124643,0.6569933200002491,0.8329432556829414,-1.1529871740846478,-0.7596135773708402,-0.6795537447897756,-0.35975978910555995,1.3583649661380943
g-258,-0.2856037801411579,-0.8465820002287032,0.1461204044781045,0.3129060852027861,-0.7298804402988112,-0.7894414566837556,1.1537093330643873,0.21800770991980453
g-2587,-0.11277205291471674,2.285971088036062,-1.216363721495078,-5.350473129625757,0.8479830885498727,-1.8444177839928892,-1.8263491348136605,1.7972078333261992
g-2589,-0.5134631083617224,0.6806522337022015,0.8524244803734764,-1.1808689881033945,-0.7734981638645712,-0.6957102396610432,-0.366794397637586,1.384998815718057
g-259,-0.2856037801411579,-0.8465820002287032,0.1461204044781045,0.3129060852027861,-0.7298804402988112,-0.7894414566837556,1.1537093330643873,0.21800770991980453
g-2593,-0.46967923597551287,0.7666807142996238,0.923262059030582,-1.282252767872402,-0.8239852612362735,-0.7544584443785107,-0.3923736229237376,1.4818447504337917
g-260,-0.2856037801411579,-0.8465820002287032,0.1461204044781045,0.3129060852027861,-0.7298804402988112,-0.7894414566837556,1.1537093330643873,0.21800770991980453
g-261,-0.2856037801411579,-0.8465820002287032,0.1461204044781045,0.3129060852027861,-0.7298804402988112,-0.7894414566837556,1.1537093330643873,0.21800770991980453
g-262,-0.3867063272281826,-0.7912136515831655,0.1208093161283841,0.2870202952575448,-0.6527038667993017,-0.6810526881882263,1.0000843896733058,0.20930319080676207
g-263,0.9809699063343151,-1.4133711649621032,0.049503762877458536,0.4582089899854483,-0.9416487241477969,-2.013846027940796,2.5061760762020606,0.344244149756326
g-264,-0.2856037801411579,-0.8465820002287032,0.1461204044781045,0.3129060852027861,-0.7298804402988112,-0.7894414566837556,1.1537093330643873,0.21800770991980453
g-265,0.5464031641035259,0.7315040987260617,-3.3528387721864066,-1.3748638351813816,-1.24241749322946,-2.664834659234725,1.6482823139284055,-2.381738054848261
g-266,-0.2856037801411579,-0.8465820002287032,0.1461204044781045,0.3129060852027861,-0.7298804402988112,-0.7894414566837556,1.1537093330643873,0.21800770991980453
g-267,-0.07763676727985103,-0.9604741860008822,0.1981850812644278,0.3661529179045705,-0.8886319447465556,-1.0123961602119311,1.4697144338115549,0.23591282596772561
g-268,-0.2856037801411579,-0.8465820002287032,0.1461204044781045,0.3129060852027861,-0.7298804402988112,-0.7894414566837556,1.1537093330643873,0.21800770991980453
g-269,-0.2856037801411579,-0.8465820002287032,0.1461204044781045,0.3129060852027861,-0.7298804402988112,-0.7894414566837556,1.1537093330643873,0.21800770991980453
g-270,-0.30540203964910984,-0.8357395737360497,0.14116389734732845,0.30783703796638867,-0.7147674498341633,-0.7682163834462366,1.1236259515494484,0.2163031601012564
g-271,-0.2856037801411579,-0.8465820002287032,0.1461204044781045,0.3129060852027861,-0.7298804402988112,-0.7894414566837556,1.1537093330643873,0.21800770991980453
g-272,-0.24356392674349017,-0.8696049341408015,0.15664510908956947,0.3236697587771429,-0.7619715391794456,-0.8345110228696958,1.217588733578669,0.22162717073412522
g-273,-0.10885915134135303,-0.9833818516759489,-0.04195305789133287,0.21239724612619645,-0.5408529203716984,-0.845972408442401,1.191668942825153,0.2995255652429674
g-274,-0.10885915134135303,-0.9833818516759489,-0.04195305789133287,0.21239724612619645,-0.5408529203716984,-0.845972408442401,1.191668942825153,0.2995255652429674
g-275,-0.10885915134135303,-0.9833818516759489,-0.04195305789133287,0.21239724612619645,-0.5408529203716984,-0.845972408442401,1.191668942825153,0.2995255652429674
g-276,-0.07864269213245767,-1.001185325219304,-0.04167955602773861,0.21555911627562033,-0.5537518961060224,-0.8741939388601006,1.2303454620909717,0.3042078737908606
g-277,-0.10885915134135303,-0.9833818516759489,-0.04195305789133287,0.21239724612619645,-0.5408529203716984,-0.845972408442401,1.191668942825153,0.2995255652429674
g-279,-0.10885915134135303,-0.9833818516759489,-0.04195305789133287,0.21239724612619645,-0.5408529203716984,-0.845972408442401,1.191668942825153,0.2995255652429674
g-280,-0.10885915134135303,-0.9833818516759489,-0.04195305789133287,0.21239724612619645,-0.5408529203716984,-0.845972408442401,1.191668942825153,0.2995255652429674
g-281,-0.20668341360391818,-0.925744004268034,-0.04283850637649721,0.20216085103439943,-0.49909313718765486,-0.7546066274967873,1.0664556629399713,0.28436682754253845
g-282,0.0069828214917633654,-0.8987930061070433,-0.13294815842926316,0.23539231236237243,-0.310195248865992,-0.9894673314275709,1.1110939531782373,0.2578371833841156
g-283,0.27809229690749016,-1.020113948396464,-0.1536289031032428,0.266494327754488,-0.3555241459977098,-1.2515505284453712,1.4005887951795777,0.28485803132045956
g-284,-0.7552671580036094,-0.5576876809218432,-0.07480228514498473,0.14794604897172114,-0.18274875937602916,-0.25259558894581846,0.29715177339584514,0.18186550901219517
g-285,-1.0716537500651806,-0.4161053204462869,-0.050667716190275505,0.11164978658152372,-0.12984962974058534,0.053257275156079954,-0.04069066586142036,0.15033199665492897
g-286,-1.0716537500651806,-0.4161053204462869,-0.050667716190275505,0.11164978658152372,-0.12984962974058534,0.053257275156079954,-0.04069066586142036,0.15033199665492897
g-2862,-0.517711140942638,0.8153638227758205,1.391132407984148,-0.5883762937200642,-0.8080891430799445,0.27743433592932215,-0.48589677886210864,1.524346171700116
g-287,-1.0716537500651806,-0.4161053204462869,-0.050667716190275505,0.11164978658152372,-0.12984962974058534,0.053257275156079954,-0.04069066586142036,0.15033199665492897
g-288,-1.0716537500651806,-0.4161053204462869,-0.050667716190275505,0.11164978658152372,-0.12984962974058534,0.053257275156079954,-0.04069066586142036,0.15033199665492897
g-289,-1.0716537500651806,-0.4161053204462869,-0.050667716190275505,0.11164978658152372,-0.12984962974058534,0.053257275156079954,-0.04069066586142036,0.15033199665492897
g-290,-1.0716537500651806,-0.4161053204462869,-0.050667716190275505,0.11164978658152372,-0.12984962974058534,0.053257275156079954,-0.04069066586142036,0.15033199665492897
g-291,-1.0716537500651806,-0.4161053204462869,-0.050667716190275505,0.11164978658152372,-0.12984962974058534,0.053257275156079954,-0.04069066586142036,0.15033199665492897
g-292,-1.0716537500651806,-0.4161053204462869,-0.050667716190275505,0.11164978658152372,-0.12984962974058534,0.053257275156079954,-0.04069066586142036,0.15033199665492897
g-293,-1.0716537500651806,-0.4161053204462869,-0.050667716190275505,0.11164978658152372,-0.12984962974058534,0.053257275156079954,-0.04069066586142036,0.15033199665492897
g-295,-1.0716537500651806,-0.4161053204462869,-0.050667716190275505,0.11164978658152372,-0.12984962974058534,0.053257275156079954,-0.04069066586142036,0.15033199665492897
g-296,-1.0716537500651806,-0.4161053204462869,-0.050667716190275505,0.11164978658152372,-0.12984962974058534,0.053257275156079954,-0.04069066586142036,0.15033199665492897
g-297,-1.0716537500651806,-0.4161053204462869,-0.050667716190275505,0.11164978658152372,-0.12984962974058534,0.053257275156079954,-0.04069066586142036,0.15033199665492897
g-298,-1.0716537500651806,-0.4161053204462869,-0.050667716190275505,0.11164978658152372,-0.12984962974058534,0.053257275156079954,-0.04069066586142036,0.15033199665492897
g-299,0.8307423080986324,3.811765924362409,1.9564789558795768,0.7279853025034281,-1.835838962328714,1.444705395377352,-0.3283385721260845,-2.8896831402710506
g-300,-1.0716537500651806,-0.4161053204462869,-0.050667716190275505,0.11164978658152372,-0.12984962974058534,0.053257275156079954,-0.04069066586142036,0.15033199665492897
g-301,-1.0716537500651806,-0.4161053204462869,-0.050667716190275505,0.11164978658152372,-0.12984962974058534,0.053257275156079954,-0.04069066586142036,0.15033199665492897
g-302,-1.0716537500651806,-0.4161053204462869,-0.050667716190275505,0.11164978658152372,-0.12984962974058534,0.053257275156079954,-0.04069066586142036,0.15033199665492897
g-303,-1.0716537500651806,-0.4161053204462869,-0.050667716190275505,0.11164978658152372,-0.12984962974058534,0.053257275156079954,-0.04069066586142036,0.15033199665492897
g-304,-1.0716537500651806,-0.4161053204462869,-0.050667716190275505,0.11164978658152372,-0.12984962974058534,0.053257275156079954,-0.04069066586142036,0.15033199665492897
g-305,-1.0716537500651806,-0.4161053204462869,-0.050667716190275505,0.11164978658152372,-0.12984962974058534,0.053257275156079954,-0.04069066586142036,0.15033199665492897
g-306,-1.0716537500651806,-0.4161053204462869,-0.050667716190275505,0.11164978658152372,-0.12984962974058534,0.053257275156079954,-0.04069066586142036,0.15033199665492897
g-307,-1.0716537500651806,-0.4161053204462869,-0.050667716190275505,0.11164978658152372,-0.12984962974058534,0.053257275156079954,-0.04069066586142036,0.15033199665492897
g-308,-1.084959620727401,0.1543392242900773,1.4630720911218933,-0.2049446186899719,0.5197803677394647,0.18799842419427865,0.08473227530533298,-0.9363478589243038
g-3085,-0.4719453936998075,0.9171056000247708,1.5102513545518623,-0.6462111959768513,-0.8641240781551823,0.2959554435892661,-0.5226789113484095,1.6378647644344644
g-3089,-0.6275211039006094,0.5035007933895883,-0.20566847803462612,-1.2121740449123726,0.5415066128465479,-0.22532542368584368,-0.49066199131899374,0.6863381313926276
g-309,-1.0716537500651806,-0.4161053204462869,-0.050667716190275505,0.11164978658152372,-0.12984962974058534,0.053257275156079954,-0.04069066586142036,0.15033199665492897
g-3091,-0.5908424624753005,0.5794463542331599,-0.21846919739951604,-1.3215018775879537,0.5969504877860444,-0.24833214252616848,-0.5278228193748844,0.7306041338754194
g-3092,-0.6003746973419622,0.559709229440371,-0.21514248030458683,-1.2930891954920556,0.5825414470663294,-0.2423530375491258,-0.518165271355018,0.7191000564102424
g-310,-1.0716537500651806,-0.4161053204462869,-0.050667716190275505,0.11164978658152372,-0.12984962974058534,0.053257275156079954,-0.04069066586142036,0.15033199665492897
g-311,-1.0716537500651806,-0.4161053204462869,-0.050667716190275505,0.11164978658152372,-0.12984962974058534,0.053257275156079954,-0.04069066586142036,0.15033199665492897
g-312,-1.0716537500651806,-0.4161053204462869,-0.050667716190275505,0.11164978658152372,-0.12984962974058534,0.053257275156079954,-0.04069066586142036,0.15033199665492897
g-313,-1.0716537500651806,-0.4161053204462869,-0.050667716190275505,0.11164978658152372,-0.12984962974058534,0.053257275156079954,-0.04069066586142036,0.15033199665492897
g-314,-1.0716537500651806,-0.4161053204462869,-0.050667716190275505,0.11164978658152372,-0.12984962974058534,0.053257275156079954,-0.04069066586142036,0.15033199665492897
g-315,-1.0716537500651806,-0.4161053204462869,-0.050667716190275505,0.11164978658152372,-0.12984962974058534,0.053257275156079954,-0.04069066586142036,0.15033199665492897
g-316,-0.5058308024073642,0.8417749889801986,1.4220545166887393,-0.6033896663701249,-0.8226352619265063,0.28224223358869793,-0.49544505923144105,1.5538144835486287
g-3161,-0.6690320996626871,0.6484218919765216,0.012606257448494838,-0.29867543333201757,3.1082499796570984,-1.1166144803914022,-1.0436027840820052,2.248542036419089
g-3165,-0.5918814180450006,0.5772951277872975,-0.21810660548870597,-1.3184050682114983,0.5953799900675985,-0.2476804564835337,-0.526770205434372,0.7293502594667528
g-317,-1.0716537500651806,-0.4161053204462869,-0.050667716190275505,0.11164978658152372,-0.12984962974058534,0.053257275156079954,-0.04069066586142036,0.15033199665492897
g-318,-1.0716537500651806,-0.4161053204462869,-0.050667716190275505,0.11164978658152372,-0.12984962974058534,0.053257275156079954,-0.04069066586142036,0.15033199665492897
g-319,-1.0716537500651806,-0.4161053204462869,-0.050667716190275505,0.11164978658152372,-0.12984962974058534,0.053257275156079954,-0.04069066586142036,0.15033199665492897
g-320,-1.0716537500651806,-0.4161053204462869,-0.050667716190275505,0.11164978658152372,-0.12984962974058534,0.053257275156079954,-0.04069066586142036,0.15033199665492897
g-321,-1.0716537500651806,-0.4161053204462869,-0.050667716190275505,0.11164978658152372,-0.12984962974058534,0.053257275156079954,-0.04069066586142036,0.15033199665492897
g-322,-1.0716537500651806,-0.4161053204462869,-0.050667716190275505,0.11164978658152372,-0.12984962974058534,0.053257275156079954,-0.04069066586142036,0.15033199665492897
g-323,-1.0716537500651806,-0.4161053204462869,-0.050667716190275505,0.11164978658152372,-0.12984962974058534,0.053257275156079954,-0.04069066586142036,0.15033199665492897
g-324,-1.0716537500651806,-0.4161053204462869,-0.050667716190275505,0.11164978658152372,-0.12984962974058534,0.053257275156079954,-0.04069066586142036,0.15033199665492897
g-325,-1.0716537500651806,-0.4161053204462869,-0.050667716190275505,0.11164978658152372,-0.12984962974058534,0.053257275156079954,-0.04069066586142036,0.15033199665492897
g-326,-1.0716537500651806,-0.4161053204462869,-0.050667716190275505,0.11164978658152372,-0.12984962974058534,0.053257275156079954,-0.04069066586142036,0.15033199665492897
g-327,-1.0716537500651806,-0.4161053204462869,-0.050667716190275505,0.11164978658152372,-0.12984962974058534,0.053257275156079954,-0.04069066586142036,0.15033199665492897
g-3270,-0.796800343942599,0.2621293478219029,0.32863407654936466,0.3550705693699846,1.640735389772436,-0.46535181840750334,0.04644050888259369,0.6686613067392002
g-328,-0.9848654929841725,0.09187326206156744,1.5141782133283668,-0.14124633752796056,-0.40416742098577374,0.25150988055811613,-0.13864265707218065,-1.118368790832189
g-329,-1.0716537500651806,-0.4161053204462869,-0.050667716190275505,0.11164978658152372,-0.12984962974058534,0.053257275156079954,-0.04069066586142036,0.15033199665492897
g-330,-1.0716537500651806,-0.4161053204462869,-0.050667716190275505,0.11164978658152372,-0.12984962974058534,0.053257275156079954,-0.04069066586142036,0.15033199665492897
g-331,-1.0716537500651806,-0.4161053204462869,-0.050667716190275505,0.11164978658152372,-0.12984962974058534,0.053257275156079954,-0.04069066586142036,0.15033199665492897
g-332,-1.0716537500651806,-0.4161053204462869,-0.050667716190275505,0.11164978658152372,-0.12984962974058534,0.053257275156079954,-0.04069066586142036,0.15033199665492897
g-333,-1.0716537500651806,-0.4161053204462869,-0.050667716190275505,0.11164978658152372,-0.12984962974058534,0.053257275156079954,-0.04069066586142036,0.15033199665492897
g-334,-1.0716537500651806,-0.4161053204462869,-0.050667716190275505,0.11164978658152372,-0.12984962974058534,0.053257275156079954,-0.04069066586142036,0.15033199665492897
g-335,-1.0716537500651806,-0.4161053204462869,-0.050667716190275505,0.11164978658152372,-0.12984962974058534,0.053257275156079954,-0.04069066586142036,0.15033199665492897
g-336,-1.0716537500651806,-0.4161053204462869,-0.050667716190275505,0.11164978658152372,-0.12984962974058534,0.053257275156079954,-0.04069066586142036,0.15033199665492897
g-337,-1.0716537500651806,-0.4161053204462869,-0.050667716190275505,0.11164978658152372,-0.12984962974058534,0.053257275156079954,-0.04069066586142036,0.15033199665492897
g-338,-1.0716537500651806,-0.4161053204462869,-0.050667716190275505,0.11164978658152372,-0.12984962974058534,0.053257275156079954,-0.04069066586142036,0.15033199665492897
g-339,-1.0716537500651806,-0.4161053204462869,-0.050667716190275505,0.11164978658152372,-0.12984962974058534,0.053257275156079954,-0.04069066586142036,0.15033199665492897
g-343,-0.7462835753569348,0.3473712499541727,0.444446899098371,0.4069991615786866,2.7643640355563246,-0.195093837880961,0.9149363189838268,-0.31202735821964334
g-345,-0.7279338418796455,0.39042864326185833,0.472369622007451,0.4236558275399769,2.9275875068906227,-0.20909996716771626,0.968830319844046,-0.3381027996465887
g-3468,-0.7978265891061449,0.25959696134767846,0.3272178429439142,0.35416168705134315,1.6341243954298315,-0.46341544046135147,0.04611517928986079,0.6667259734460745
g-347,-0.7188738112637985,0.4116878785575103,0.48615623775024525,0.4318799199364141,3.00817775902392,-0.21601537878961075,0.9954400413644372,-0.35097733528724184
g-349,-0.6808224429341007,0.36223365820417974,-0.3530646327317019,0.06796603250054216,-0.3372303962879099,0.9964555653090172,0.34763278538435866,0.2662077824865967
g-351,-0.7434790731505537,0.23745323074472371,-0.30458547706371153,0.07496925045155588,-0.30398387850267433,0.8452455025310043,0.28537820535164055,0.24763100490654305
g-352,-0.5846584267249173,0.5537439103091364,-0.42746937322538986,0.05721764781673125,-0.3882564196178202,1.2285294396578832,0.4431797438256405,0.2947190116119317
g-353,-0.6498960691212012,0.4238234074583801,-0.3769932175461516,0.06450934905781554,-0.3536403792929233,1.071090586528477,0.3783607132509826,0.27537700154123024
g-3535,-0.7521451491732276,0.37232154677667423,0.3902589102019858,0.39461893305838547,1.9284008039198703,-0.5496097885340245,0.06059663535585561,0.752873820686232
g-3549,-0.7484121853401489,0.38153309529885665,0.3954104558717072,0.39792498988041286,1.9524482768418001,-0.5566533577482083,0.06178002081445896,0.7599135899780349
g-3555,-0.8111028471833766,0.22683615761640416,0.308896409127219,0.34240372058022706,1.5485997370370173,-0.4383650389965115,0.04190647771765616,0.6416890863768884
g-357,-0.7017405327958925,0.4573035123094927,-0.5589307696982735,1.0587270868202279,-0.7551476001844969,0.7848549449424401,0.165457217151934,0.265348075967459
g-361,-0.7728655760458903,0.28936887763148367,-0.4612045193901756,0.876627851659534,-0.6349184677402167,0.6441870437269173,0.12582014442590997,0.2432333657228839
g-363,-0.7510326992302797,0.3409188806186475,-0.4912030274702152,0.9325258868354982,-0.6718245660476336,0.6873671223435878,0.13798732614721892,0.25002180088608844
g-3767,-1.0915855479148682,-0.22484171616887877,0.16154239729026929,0.9665105157951601,2.4884347871045502,-0.8581683900086843,-0.6197759105527931,1.7501810160542035
g-3769,-1.0910644350035403,-0.2298422652617267,0.15599420585851534,0.9441603511617442,2.4199802590465986,-0.8343393463160452,-0.6046358414007809,1.708353279967795
g-3772,-1.0893723730521794,-0.24607912808356344,0.13797913960998598,0.8715890094030412,2.197707312421547,-0.756966060617018,-0.5554757948998994,1.5725379524161935
g-3773,-1.0901591062203995,-0.23852971269749865,0.14635534009957288,0.9053314392105836,2.3010542964768885,-0.7929411796985837,-0.5783330189527064,1.6356860084620046
g-3774,-1.0890708998823027,-0.24897203546193283,0.13476941131185108,0.8586590381188365,2.1581051396151887,-0.7431805312605485,-0.5467169932271946,1.5483398565474968
g-3775,-1.0914293132721606,-0.22634092868862218,0.15987899635129732,0.9598097223393638,2.467911463847032,-0.8510242144443221,-0.6152367727899137,1.7376406600955034
g-3776,-1.0917434055930715,-0.22332692915750701,0.16322307838376068,0.973280920096788,2.50917131584298,-0.8653867824709534,-0.624362202913274,1.762851646851409
g-3777,-1.091198949765738,-0.22855147461451664,0.15742635930328042,0.9499295942862005,2.437650411451014,-0.840490332169661,-0.6085439441504333,1.719150264365274
g-3782,-1.337188565552855,-0.5288884845803463,0.025921634027413074,0.5402810193401377,1.0067077032140268,-0.3061182914495427,-0.8755702897080909,4.728462191819348
g-3785,-1.3126476478950435,-0.5184649838461088,0.018843191474764712,0.500666614090203,0.9016662612087855,-0.2729045444231859,-0.798410117452047,4.305348123180444
g-3786,-1.3059109381085752,-0.5156036361008973,0.01690009326294205,0.48979209198579354,0.872831409953082,-0.26378706243829675,-0.7772289336507386,4.189199382259793
g-3789,-0.9774501030010454,-0.04829759157113602,-1.643290202854795,-1.0474683901730684,-0.13735365503284994,-1.2343407963413502,-0.9785909981479223,-0.6075246117809926
g-3791,-0.9762713867153834,-0.04369542410173537,-1.663217775941905,-1.0619717720964583,-0.13744754860380679,-1.2504517736077359,-0.9903264078740569,-0.6170072375009051
g-3792,-0.9609824737827355,0.015998446761870105,-1.921694674576345,-1.2500924811703373,-0.1386654249059813,-1.4594243072716087,-1.1425442568291762,-0.7400046379510192
g-3794,-0.9664567499660001,-0.005375259596133648,-1.8291456531807784,-1.1827348657663748,-0.1382293578510817,-1.384600585726976,-1.0880418504858596,-0.6959647678272449
g-3797,-0.9652729471469699,-0.0007532323193440737,-1.8491592200449225,-1.1973008343673253,-0.13832365660247725,-1.4007810869529926,-1.0998279022145596,-0.7054883140746243
g-3799,-0.9678178247858534,-0.010689425808601029,-1.8061350964593854,-1.1659876737755916,-0.1381209380585243,-1.3659970882210484,-1.0744908621155453,-0.685015090410835
g-3804,-1.1589334042530108,-0.20777005146207317,0.3209621317180722,-0.028232552248719747,0.8200053536012893,0.037068449634386685,0.1802893218456783,0.0049860349944246115
g-3805,-1.143914712690188,-0.24361945045027295,0.2570137337413481,-0.004162226563691671,0.6565585668676761,0.03985415014542935,0.14226407635390542,0.0299965163992118
g-3808,-1.1512957315930423,-0.22600106535453843,0.28844152705470516,-0.015991721039684548,0.7368853927729322,0.03848510224643698,0.16095179322900327,0.017704977203135158
g-3809,-1.1498259028017492,-0.2295095253667171,0.28218311259096274,-0.0136360392840759,0.7208894059068001,0.03875772937896201,0.15723039044328085,0.02015266883453229
g-3812,-1.140484464848061,-0.2518074023105554,0.24240801038325366,0.0013354016681010532,0.6192275527010737,0.0404904001893726,0.13357916423963148,0.03570887486336045
g-3813,-1.146625409440598,-0.23714905661236918,0.2685556655976844,-0.008506636550592913,0.6860587847668507,0.03935136404776481,0.14912718483156026,0.025482419389724717
g-3814,-1.1508177005864058,-0.22714211843589147,0.2864061089272506,-0.015225584923954604,0.7316830333219123,0.03857376850700381,0.15974148497385304,0.01850103760243081
g-3816,-1.1534423519367998,-0.22087711372016056,0.2975816662920892,-0.01943209070039781,0.7602468284916504,0.038086942302635894,0.16638673842429996,0.014130231163101983
g-3817,-1.152201101377603,-0.22383996080672808,0.29229651981868915,-0.01744274927930199,0.7467384336635555,0.038317172233294124,0.16324406404199307,0.016197273681394023
g-3818,-1.154527806239694,-0.2182861500383282,0.30220344465784627,-0.021171738823377848,0.7720597096079665,0.0378856098101456,0.16913495827853997,0.012322634639481689
g-3819,-1.1470417533937953,-0.23615524963310883,0.27032842514220856,-0.009173907364999716,0.6905898107248314,0.039274139639876846,0.1501813100170411,0.024789085842266356
g-3820,-1.1467992049688398,-0.2367342092065053,0.26929567317824454,-0.008785177124509342,0.6879501825974124,0.03931912806436939,0.14956721102153325,0.025192999382053244
g-3822,-1.1471283289130405,-0.23594859512402244,0.2706970568393562,-0.009312661192912606,0.6915320026841806,0.03925808141887959,0.15040050723266465,0.0246449124696968
g-3824,-1.1461654037169853,-0.23824708360451244,0.2665969976962818,-0.00776938939840106,0.6810525925104153,0.03943668693851004,0.14796251409477654,0.026248462460014207
g-3825,-1.1477830294583051,-0.23438583441568753,0.2734847198557399,-0.010361944033882079,0.6986570375081944,0.03913664609704117,0.1520581182737561,0.023554646001106683
g-3826,-1.1512957315930423,-0.22600106535453843,0.28844152705470516,-0.015991721039684548,0.7368853927729322,0.03848510224643698,0.16095179322900327,0.017704977203135158
g-3828,-1.1603660477883613,-0.20435035211664007,0.32706221431009774,-0.030528637519676327,0.8355966573715439,0.03680271970632511,0.18391657671711842,0.0026002676091172873
g-3829,-1.1498259028017492,-0.2295095253667171,0.28218311259096274,-0.0136360392840759,0.7208894059068001,0.03875772937896201,0.15723039044328085,0.02015266883453229
g-3830,-1.1539538564100011,-0.21965615995948562,0.29975961178636434,-0.020251874448389787,0.7658134760384706,0.03799206730860347,0.16768179685747062,0.013278427724569664
g-3833,-1.156737643783609,-0.21301129986382855,0.3116127577215751,-0.024713426138184058,0.7961091312400278,0.0374757241986291,0.17472996066292285,0.008642613609121122
g-3834,-1.1478953466005988,-0.23411773502564034,0.27396295734300424,-0.010541953736039635,0.6998793727513285,0.03911581326221148,0.1523424897112269,0.023367605353322968
g-3836,-1.1599075169481587,-0.2054448585834688,0.325109826345326,-0.029793754150233817,0.8306065161108437,0.03688776903239576,0.18275564018071527,0.0033638545703673075
g-3839,-1.1465766164485298,-0.23726552477693358,0.26834790890581817,-0.008428436448718827,0.6855277759412612,0.039360414281093804,0.14900364773820496,0.02556367388621003
g-3842,-0.7764773247233415,0.2759955723334479,-2.745872531117338,-2.267006471847249,0.05978529843467042,-2.145517946743591,0.03902486634425136,-2.2797225381172193
g-3845,-0.7433773469095207,0.35360517198018365,-3.048102695584146,-2.5337400678297812,0.08105024839826341,-2.392080357607443,0.047963867297220235,-2.5522197441328496
g-3846,-1.0511820279245558,-0.2624947776216067,-0.1689455036438243,0.5033322957729811,2.1429711450490547,-1.0313726079995047,-0.175107966648225,-2.3574094821380176
g-3847,-1.0490274961183248,-0.246328145522229,-0.18139356508627558,0.5445546422956837,2.3821725476232483,-1.145523707022573,-0.18925461966859647,-2.621334946774038
g-3851,-1.0495383061499004,-0.25016103294086445,-0.1784422999250545,0.5347813875829982,2.325461165759003,-1.1184600422728963,-0.18590064166969902,-2.558761827855853
g-3852,-1.05170359539413,-0.26640838398899785,-0.16593208611669885,0.49335322054949876,2.0850654460482536,-1.0037389941932888,-0.17168335532550366,-2.2935186004400325
g-3853,-1.0512111355416582,-0.26271318801389026,-0.1687773309554064,0.5027753839301479,2.1397395460462536,-1.0298304323525322,-0.17491684607241892,-2.353843862291508
g-3854,-1.050963503183234,-0.26085506680956716,-0.17020805609201825,0.5075132981534038,2.1672322975046137,-1.042950454895738,-0.17654279981379004,-2.3841782881129436
g-3855,-1.0495606658797036,-0.25032881023917464,-0.1783131139508098,0.5343535820953077,2.322978733745383,-1.1172753822351404,-0.1857538277130691,-2.556022809540863
g-3858,-0.9906865824744205,0.17797184152925358,-2.273485762243427,-2.7222290936696476,0.026108786542490676,-0.8312222548294167,-1.2798667849381087,0.22131559050184302
g-3859,-0.9836928007383495,0.22928703667405226,-2.4654883321205263,-2.9670138742749654,0.039580162111661765,-0.9076218247638258,-1.3869043356793922,0.22744701113787733
g-404,-0.7744833453002183,0.8992194390977577,1.1140228925081503,0.5671826787647578,-0.01569745460393713,0.8023832179398163,0.24932457945920272,-0.8999131583623446
g-561,-0.7017405327958925,0.4573035123094927,-0.5589307696982735,1.0587270868202279,-0.7551476001844969,0.7848549449424401,0.165457217151934,0.265348075967459
g-639,-0.7287879709041974,0.393441313706269,-0.5217674220785857,0.9894783726188672,-0.7094268544385607,0.7313617422939886,0.15038402742348275,0.25693829188450507
