product_a_id,product_b_id,co_purchase_count,support,confidence_a_to_b,confidence_b_to_a,lift,orders_a,orders_b,product_a_name,product_b_name
13474,13476,1.0,0.0008237232289950577,1.0,1.0,1214.0,1.0,1.0,Blake Hill Gooseberry with Elderflower,West Virginia Cherry-Jalapeño Pepper Jam
9520,9518,1.0,0.0008237232289950577,1.0,1.0,1214.0,1.0,1.0,Nat's Nuts Maple Bourbon Almonds,Nat's Nuts Vanilla Chai Cashews
8385,8383,1.0,0.0008237232289950577,1.0,0.5,607.0,1.0,2.0,Herdsman,Shakerag Blue
5388,5350,2.0,0.0016474464579901153,2.0,0.25,303.5,1.0,8.0,Coffee Blossom Honey,Nat's Nuts Cinnamon Whiskey Pecans
13478,12554,1.0,0.0008237232289950577,1.0,0.125,151.75,1.0,8.0,Artisan Fruitcake Crisps,Potter's Organic Winter Wheat Crackers
12547,12544,1.0,0.0008237232289950577,1.0,0.125,151.75,1.0,8.0,Cheese Wedge Ornament,Parra Jimenez Organic Manchego
5388,5343,1.0,0.0008237232289950577,1.0,0.1111111111111111,134.88888888888889,1.0,9.0,Coffee Blossom Honey,Flouwer Co. Artisanal Crackers
8862,8385,1.0,0.0008237232289950577,0.09090909090909091,1.0,110.36363636363637,11.0,1.0,Cabrita,Herdsman
8385,7272,1.0,0.0008237232289950577,1.0,0.09090909090909091,110.36363636363637,1.0,11.0,Herdsman,Jumping Jack
12713,12644,1.0,0.0008237232289950577,1.0,0.08333333333333333,101.16666666666667,1.0,12.0,Barnacle Foods Spruce Tip Jelly,FireFly Sampler
5343,5350,6.0,0.004942339373970346,0.6666666666666666,0.75,101.16666666666666,9.0,8.0,Flouwer Co. Artisanal Crackers,Nat's Nuts Cinnamon Whiskey Pecans
5343,5347,5.0,0.004118616144975288,0.5555555555555556,0.625,84.30555555555554,9.0,8.0,Flouwer Co. Artisanal Crackers,Organic Sourdough Sea Salt Crackers
8862,9201,3.0,0.002471169686985173,0.2727272727272727,0.75,82.77272727272727,11.0,4.0,Cabrita,Legendary Blue
5343,9201,2.0,0.0016474464579901153,0.2222222222222222,0.5,67.44444444444444,9.0,4.0,Flouwer Co. Artisanal Crackers,Legendary Blue
5388,3992,1.0,0.0008237232289950577,1.0,0.05555555555555555,67.44444444444444,1.0,18.0,Coffee Blossom Honey,Cow's Milk Sampler
12550,4677,2.0,0.0016474464579901153,1.0,0.09523809523809523,57.80952380952381,2.0,21.0,Green Dirt Prairie Tomme,Wensleydale with Cranberry
7272,9201,2.0,0.0016474464579901153,0.18181818181818182,0.5,55.18181818181819,11.0,4.0,Jumping Jack,Legendary Blue
7272,8383,1.0,0.0008237232289950577,0.09090909090909091,0.5,55.18181818181819,11.0,2.0,Jumping Jack,Shakerag Blue
8862,8383,1.0,0.0008237232289950577,0.09090909090909091,0.5,55.18181818181819,11.0,2.0,Cabrita,Shakerag Blue
8862,5343,4.0,0.0032948929159802307,0.36363636363636365,0.4444444444444444,49.05050505050505,11.0,9.0,Cabrita,Flouwer Co. Artisanal Crackers
8862,5350,3.0,0.002471169686985173,0.2727272727272727,0.375,41.38636363636363,11.0,8.0,Cabrita,Nat's Nuts Cinnamon Whiskey Pecans
5350,5347,2.0,0.0016474464579901153,0.25,0.25,37.9375,8.0,8.0,Nat's Nuts Cinnamon Whiskey Pecans,Organic Sourdough Sea Salt Crackers
9201,5350,1.0,0.0008237232289950577,0.25,0.125,37.9375,4.0,8.0,Legendary Blue,Nat's Nuts Cinnamon Whiskey Pecans
13261,12544,1.0,0.0008237232289950577,0.25,0.125,37.9375,4.0,8.0,Legendary Moo,Parra Jimenez Organic Manchego
9201,5347,1.0,0.0008237232289950577,0.25,0.125,37.9375,4.0,8.0,Legendary Blue,Organic Sourdough Sea Salt Crackers
13261,11909,1.0,0.0008237232289950577,0.25,0.1111111111111111,33.72222222222222,4.0,9.0,Legendary Moo,Red Leicester
12544,11909,2.0,0.0016474464579901153,0.25,0.2222222222222222,33.72222222222222,8.0,9.0,Parra Jimenez Organic Manchego,Red Leicester
8862,7272,3.0,0.002471169686985173,0.2727272727272727,0.2727272727272727,30.099173553719012,11.0,11.0,Cabrita,Jumping Jack
13476,4602,1.0,0.0008237232289950577,1.0,0.024390243902439025,29.609756097560975,1.0,41.0,West Virginia Cherry-Jalapeño Pepper Jam,White Rock
5388,4602,1.0,0.0008237232289950577,1.0,0.024390243902439025,29.609756097560975,1.0,41.0,Coffee Blossom Honey,White Rock
8385,4602,1.0,0.0008237232289950577,1.0,0.024390243902439025,29.609756097560975,1.0,41.0,Herdsman,White Rock
9518,4602,1.0,0.0008237232289950577,1.0,0.024390243902439025,29.609756097560975,1.0,41.0,Nat's Nuts Vanilla Chai Cashews,White Rock
9520,4602,1.0,0.0008237232289950577,1.0,0.024390243902439025,29.609756097560975,1.0,41.0,Nat's Nuts Maple Bourbon Almonds,White Rock
13474,4602,1.0,0.0008237232289950577,1.0,0.024390243902439025,29.609756097560975,1.0,41.0,Blake Hill Gooseberry with Elderflower,White Rock
8862,5347,2.0,0.0016474464579901153,0.18181818181818182,0.25,27.590909090909093,11.0,8.0,Cabrita,Organic Sourdough Sea Salt Crackers
5343,7272,2.0,0.0016474464579901153,0.2222222222222222,0.18181818181818182,24.525252525252526,9.0,11.0,Flouwer Co. Artisanal Crackers,Jumping Jack
4634,4677,2.0,0.0016474464579901153,0.3333333333333333,0.09523809523809523,19.269841269841272,6.0,21.0,Big Picture Farm Chocolate Covered Goat Milk Caramels,Wensleydale with Cranberry
2078,5388,1.0,0.0008237232289950577,0.015625,1.0,18.96875,64.0,1.0,Carpenter's Wheel,Coffee Blossom Honey
2078,8385,1.0,0.0008237232289950577,0.015625,1.0,18.96875,64.0,1.0,Carpenter's Wheel,Herdsman
2078,8383,2.0,0.0016474464579901153,0.03125,1.0,18.96875,64.0,2.0,Carpenter's Wheel,Shakerag Blue
5350,4602,5.0,0.004118616144975288,0.625,0.12195121951219512,18.506097560975608,8.0,41.0,Nat's Nuts Cinnamon Whiskey Pecans,White Rock
12547,2983,1.0,0.0008237232289950577,1.0,0.0125,15.175,1.0,80.0,Cheese Wedge Ornament,FireFly Farms Christmas Sampler
953,9518,1.0,0.0008237232289950577,0.012345679012345678,1.0,14.987654320987655,81.0,1.0,Fresh Goat Cheese,Nat's Nuts Vanilla Chai Cashews
953,8385,1.0,0.0008237232289950577,0.012345679012345678,1.0,14.987654320987655,81.0,1.0,Fresh Goat Cheese,Herdsman
953,9520,1.0,0.0008237232289950577,0.012345679012345678,1.0,14.987654320987655,81.0,1.0,Fresh Goat Cheese,Nat's Nuts Maple Bourbon Almonds
5388,953,1.0,0.0008237232289950577,1.0,0.012345679012345678,14.987654320987655,1.0,81.0,Coffee Blossom Honey,Fresh Goat Cheese
13478,953,1.0,0.0008237232289950577,1.0,0.012345679012345678,14.987654320987655,1.0,81.0,Artisan Fruitcake Crisps,Fresh Goat Cheese
12550,4602,1.0,0.0008237232289950577,0.5,0.024390243902439025,14.804878048780488,2.0,41.0,Green Dirt Prairie Tomme,White Rock
8383,4602,1.0,0.0008237232289950577,0.5,0.024390243902439025,14.804878048780488,2.0,41.0,Shakerag Blue,White Rock
9201,4602,2.0,0.0016474464579901153,0.5,0.04878048780487805,14.804878048780488,4.0,41.0,Legendary Blue,White Rock
12544,4677,2.0,0.0016474464579901153,0.25,0.09523809523809523,14.452380952380953,8.0,21.0,Parra Jimenez Organic Manchego,Wensleydale with Cranberry
947,8385,1.0,0.0008237232289950577,0.011764705882352941,1.0,14.282352941176471,85.0,1.0,Cave Dweller,Herdsman
947,13476,1.0,0.0008237232289950577,0.011764705882352941,1.0,14.282352941176471,85.0,1.0,Cave Dweller,West Virginia Cherry-Jalapeño Pepper Jam
13474,947,1.0,0.0008237232289950577,1.0,0.011764705882352941,14.282352941176471,1.0,85.0,Blake Hill Gooseberry with Elderflower,Cave Dweller
8385,1903,1.0,0.0008237232289950577,1.0,0.011627906976744186,14.116279069767444,1.0,86.0,Herdsman,Merry Goat Round Spruce Reserve
5388,1903,1.0,0.0008237232289950577,1.0,0.011627906976744186,14.116279069767444,1.0,86.0,Coffee Blossom Honey,Merry Goat Round Spruce Reserve
13478,1903,1.0,0.0008237232289950577,1.0,0.011627906976744186,14.116279069767444,1.0,86.0,Artisan Fruitcake Crisps,Merry Goat Round Spruce Reserve
2772,4634,3.0,0.002471169686985173,0.06976744186046512,0.5,14.116279069767442,43.0,6.0,All Spruced Up — sampler box,Big Picture Farm Chocolate Covered Goat Milk Caramels
7272,5347,1.0,0.0008237232289950577,0.09090909090909091,0.125,13.795454545454547,11.0,8.0,Jumping Jack,Organic Sourdough Sea Salt Crackers
7272,5350,1.0,0.0008237232289950577,0.09090909090909091,0.125,13.795454545454547,11.0,8.0,Jumping Jack,Nat's Nuts Cinnamon Whiskey Pecans
7272,3985,3.0,0.002471169686985173,0.2727272727272727,0.125,13.795454545454545,11.0,24.0,Jumping Jack,The Heritage Sampler
940,5388,1.0,0.0008237232289950577,0.010526315789473684,1.0,12.778947368421054,95.0,1.0,Bloomy Breeze,Coffee Blossom Honey
12644,12554,1.0,0.0008237232289950577,0.08333333333333333,0.125,12.645833333333334,12.0,8.0,FireFly Sampler,Potter's Organic Winter Wheat Crackers
9201,3985,1.0,0.0008237232289950577,0.25,0.041666666666666664,12.645833333333334,4.0,24.0,Legendary Blue,The Heritage Sampler
5350,3985,2.0,0.0016474464579901153,0.25,0.08333333333333333,12.645833333333334,8.0,24.0,Nat's Nuts Cinnamon Whiskey Pecans,The Heritage Sampler
5347,3985,2.0,0.0016474464579901153,0.25,0.08333333333333333,12.645833333333334,8.0,24.0,Organic Sourdough Sea Salt Crackers,The Heritage Sampler
3351,8383,1.0,0.0008237232289950577,0.019230769230769232,0.5,11.673076923076922,52.0,2.0,Mother's Day Gift Box,Shakerag Blue
940,5343,8.0,0.006589785831960461,0.08421052631578947,0.8888888888888888,11.359064327485381,95.0,9.0,Bloomy Breeze,Flouwer Co. Artisanal Crackers
5343,3985,2.0,0.0016474464579901153,0.2222222222222222,0.08333333333333333,11.240740740740742,9.0,24.0,Flouwer Co. Artisanal Crackers,The Heritage Sampler
8862,4602,4.0,0.0032948929159802307,0.36363636363636365,0.0975609756097561,10.767184035476719,11.0,41.0,Cabrita,White Rock
950,9518,1.0,0.0008237232289950577,0.008620689655172414,1.0,10.46551724137931,116.0,1.0,Mountain Top,Nat's Nuts Vanilla Chai Cashews
950,9520,1.0,0.0008237232289950577,0.008620689655172414,1.0,10.46551724137931,116.0,1.0,Mountain Top,Nat's Nuts Maple Bourbon Almonds
3985,3979,2.0,0.0016474464579901153,0.08333333333333333,0.2,10.116666666666669,24.0,10.0,The Heritage Sampler,Winter Blues
5343,4602,3.0,0.002471169686985173,0.3333333333333333,0.07317073170731707,9.869918699186993,9.0,41.0,Flouwer Co. Artisanal Crackers,White Rock
3992,4475,1.0,0.0008237232289950577,0.05555555555555555,0.14285714285714285,9.634920634920636,18.0,7.0,Cow's Milk Sampler,Cradoc's Sea Salted Crackers
940,5350,6.0,0.004942339373970346,0.06315789473684211,0.75,9.58421052631579,95.0,8.0,Bloomy Breeze,Nat's Nuts Cinnamon Whiskey Pecans
2078,13261,2.0,0.0016474464579901153,0.03125,0.5,9.484375,64.0,4.0,Carpenter's Wheel,Legendary Moo
2078,12550,1.0,0.0008237232289950577,0.015625,0.5,9.484375,64.0,2.0,Carpenter's Wheel,Green Dirt Prairie Tomme
2078,9201,2.0,0.0016474464579901153,0.03125,0.5,9.484375,64.0,4.0,Carpenter's Wheel,Legendary Blue
937,5388,1.0,0.0008237232289950577,0.007575757575757576,1.0,9.196969696969695,132.0,1.0,Black & Blue,Coffee Blossom Honey
937,9520,1.0,0.0008237232289950577,0.007575757575757576,1.0,9.196969696969695,132.0,1.0,Black & Blue,Nat's Nuts Maple Bourbon Almonds
937,9518,1.0,0.0008237232289950577,0.007575757575757576,1.0,9.196969696969695,132.0,1.0,Black & Blue,Nat's Nuts Vanilla Chai Cashews
937,8385,1.0,0.0008237232289950577,0.007575757575757576,1.0,9.196969696969695,132.0,1.0,Black & Blue,Herdsman
947,5347,5.0,0.004118616144975288,0.058823529411764705,0.625,8.926470588235293,85.0,8.0,Cave Dweller,Organic Sourdough Sea Salt Crackers
8862,2078,5.0,0.004118616144975288,0.45454545454545453,0.078125,8.62215909090909,11.0,64.0,Cabrita,Carpenter's Wheel
4634,3985,1.0,0.0008237232289950577,0.16666666666666666,0.041666666666666664,8.430555555555557,6.0,24.0,Big Picture Farm Chocolate Covered Goat Milk Caramels,The Heritage Sampler
3992,5347,1.0,0.0008237232289950577,0.05555555555555555,0.125,8.430555555555555,18.0,8.0,Cow's Milk Sampler,Organic Sourdough Sea Salt Crackers
3992,5350,1.0,0.0008237232289950577,0.05555555555555555,0.125,8.430555555555555,18.0,8.0,Cow's Milk Sampler,Nat's Nuts Cinnamon Whiskey Pecans
934,12554,3.0,0.002471169686985173,0.05555555555555555,0.375,8.430555555555555,54.0,8.0,Moo & Blue,Potter's Organic Winter Wheat Crackers
930,13476,1.0,0.0008237232289950577,0.006896551724137931,1.0,8.372413793103448,145.0,1.0,Cabra LaMancha,West Virginia Cherry-Jalapeño Pepper Jam
13474,930,1.0,0.0008237232289950577,1.0,0.006896551724137931,8.372413793103448,1.0,145.0,Blake Hill Gooseberry with Elderflower,Cabra LaMancha
930,12550,2.0,0.0016474464579901153,0.013793103448275862,1.0,8.372413793103448,145.0,2.0,Cabra LaMancha,Green Dirt Prairie Tomme
4634,2802,1.0,0.0008237232289950577,0.16666666666666666,0.04,8.093333333333334,6.0,25.0,Big Picture Farm Chocolate Covered Goat Milk Caramels,Honey honey — sampler box
7272,4602,3.0,0.002471169686985173,0.2727272727272727,0.07317073170731707,8.07538802660754,11.0,41.0,Jumping Jack,White Rock
940,5347,5.0,0.004118616144975288,0.05263157894736842,0.625,7.986842105263158,95.0,8.0,Bloomy Breeze,Organic Sourdough Sea Salt Crackers
9201,950,3.0,0.002471169686985173,0.75,0.02586206896551724,7.849137931034481,4.0,116.0,Legendary Blue,Mountain Top
953,8383,1.0,0.0008237232289950577,0.012345679012345678,0.5,7.493827160493828,81.0,2.0,Fresh Goat Cheese,Shakerag Blue
5347,4602,2.0,0.0016474464579901153,0.25,0.04878048780487805,7.402439024390244,8.0,41.0,Organic Sourdough Sea Salt Crackers,White Rock
12554,4677,1.0,0.0008237232289950577,0.125,0.047619047619047616,7.226190476190476,8.0,21.0,Potter's Organic Winter Wheat Crackers,Wensleydale with Cranberry
947,8383,1.0,0.0008237232289950577,0.011764705882352941,0.5,7.141176470588236,85.0,2.0,Cave Dweller,Shakerag Blue
1903,8383,1.0,0.0008237232289950577,0.011627906976744186,0.5,7.058139534883722,86.0,2.0,Merry Goat Round Spruce Reserve,Shakerag Blue
940,8862,6.0,0.004942339373970346,0.06315789473684211,0.5454545454545454,6.970334928229665,95.0,11.0,Bloomy Breeze,Cabrita
937,9201,3.0,0.002471169686985173,0.022727272727272728,0.75,6.897727272727272,132.0,4.0,Black & Blue,Legendary Blue
3992,3979,1.0,0.0008237232289950577,0.05555555555555555,0.1,6.744444444444445,18.0,10.0,Cow's Milk Sampler,Winter Blues
953,11909,4.0,0.0032948929159802307,0.04938271604938271,0.4444444444444444,6.661179698216736,81.0,9.0,Fresh Goat Cheese,Red Leicester
947,4602,19.0,0.015650741350906095,0.2235294117647059,0.4634146341463415,6.6186513629842185,85.0,41.0,Cave Dweller,White Rock
940,4602,21.0,0.01729818780889621,0.22105263157894736,0.5121951219512195,6.545314505776638,95.0,41.0,Bloomy Breeze,White Rock
3992,4677,2.0,0.0016474464579901153,0.1111111111111111,0.09523809523809523,6.423280423280423,18.0,21.0,Cow's Milk Sampler,Wensleydale with Cranberry
940,12550,1.0,0.0008237232289950577,0.010526315789473684,0.5,6.389473684210527,95.0,2.0,Bloomy Breeze,Green Dirt Prairie Tomme
940,9201,2.0,0.0016474464579901153,0.021052631578947368,0.5,6.389473684210527,95.0,4.0,Bloomy Breeze,Legendary Blue
5343,1903,4.0,0.0032948929159802307,0.4444444444444444,0.046511627906976744,6.2739018087855305,9.0,86.0,Flouwer Co. Artisanal Crackers,Merry Goat Round Spruce Reserve
2800,4634,2.0,0.0016474464579901153,0.03076923076923077,0.3333333333333333,6.225641025641027,65.0,6.0,Barely Blue — sampler box,Big Picture Farm Chocolate Covered Goat Milk Caramels
13474,943,1.0,0.0008237232289950577,1.0,0.00510204081632653,6.1938775510204085,1.0,196.0,Blake Hill Gooseberry with Elderflower,Merry Goat Round
943,13476,1.0,0.0008237232289950577,0.00510204081632653,1.0,6.1938775510204085,196.0,1.0,Merry Goat Round,West Virginia Cherry-Jalapeño Pepper Jam
943,9520,1.0,0.0008237232289950577,0.00510204081632653,1.0,6.1938775510204085,196.0,1.0,Merry Goat Round,Nat's Nuts Maple Bourbon Almonds
943,9518,1.0,0.0008237232289950577,0.00510204081632653,1.0,6.1938775510204085,196.0,1.0,Merry Goat Round,Nat's Nuts Vanilla Chai Cashews
2078,4602,13.0,0.01070840197693575,0.203125,0.3170731707317073,6.014481707317073,64.0,41.0,Carpenter's Wheel,White Rock
8862,950,6.0,0.004942339373970346,0.5454545454545454,0.05172413793103448,5.70846394984326,11.0,116.0,Cabrita,Mountain Top
4677,4602,4.0,0.0032948929159802307,0.19047619047619047,0.0975609756097561,5.6399535423925675,21.0,41.0,Wensleydale with Cranberry,White Rock
2078,4475,2.0,0.0016474464579901153,0.03125,0.2857142857142857,5.419642857142857,64.0,7.0,Carpenter's Wheel,Cradoc's Sea Salted Crackers
947,5350,3.0,0.002471169686985173,0.03529411764705882,0.375,5.355882352941176,85.0,8.0,Cave Dweller,Nat's Nuts Cinnamon Whiskey Pecans
4475,943,6.0,0.004942339373970346,0.8571428571428571,0.030612244897959183,5.309037900874635,7.0,196.0,Cradoc's Sea Salted Crackers,Merry Goat Round
950,12554,4.0,0.0032948929159802307,0.034482758620689655,0.5,5.232758620689655,116.0,8.0,Mountain Top,Potter's Organic Winter Wheat Crackers
930,5347,5.0,0.004118616144975288,0.034482758620689655,0.625,5.232758620689655,145.0,8.0,Cabra LaMancha,Organic Sourdough Sea Salt Crackers
950,8383,1.0,0.0008237232289950577,0.008620689655172414,0.5,5.232758620689655,116.0,2.0,Mountain Top,Shakerag Blue
3990,3992,4.0,0.0032948929159802307,0.07692307692307693,0.2222222222222222,5.188034188034187,52.0,18.0,All Goat,Cow's Milk Sampler
937,8862,6.0,0.004942339373970346,0.045454545454545456,0.5454545454545454,5.016528925619835,132.0,11.0,Black & Blue,Cabrita
4634,4602,1.0,0.0008237232289950577,0.16666666666666666,0.024390243902439025,4.9349593495934965,6.0,41.0,Big Picture Farm Chocolate Covered Goat Milk Caramels,White Rock
930,4602,24.0,0.019769357495881382,0.16551724137931034,0.5853658536585366,4.900925147182506,145.0,41.0,Cabra LaMancha,White Rock
940,4677,8.0,0.006589785831960461,0.08421052631578947,0.38095238095238093,4.868170426065164,95.0,21.0,Bloomy Breeze,Wensleydale with Cranberry
940,12554,3.0,0.002471169686985173,0.031578947368421054,0.375,4.792105263157895,95.0,8.0,Bloomy Breeze,Potter's Organic Winter Wheat Crackers
953,4602,13.0,0.01070840197693575,0.16049382716049382,0.3170731707317073,4.752183077386331,81.0,41.0,Fresh Goat Cheese,White Rock
2078,947,21.0,0.01729818780889621,0.328125,0.24705882352941178,4.6863970588235295,64.0,85.0,Carpenter's Wheel,Cave Dweller
3990,3979,2.0,0.0016474464579901153,0.038461538461538464,0.2,4.6692307692307695,52.0,10.0,All Goat,Winter Blues
950,11909,4.0,0.0032948929159802307,0.034482758620689655,0.4444444444444444,4.6513409961685825,116.0,9.0,Mountain Top,Red Leicester
943,5347,6.0,0.004942339373970346,0.030612244897959183,0.75,4.645408163265306,196.0,8.0,Merry Goat Round,Organic Sourdough Sea Salt Crackers
8862,3985,1.0,0.0008237232289950577,0.09090909090909091,0.041666666666666664,4.598484848484849,11.0,24.0,Cabrita,The Heritage Sampler
937,8383,1.0,0.0008237232289950577,0.007575757575757576,0.5,4.598484848484848,132.0,2.0,Black & Blue,Shakerag Blue
937,5350,4.0,0.0032948929159802307,0.030303030303030304,0.5,4.598484848484848,132.0,8.0,Black & Blue,Nat's Nuts Cinnamon Whiskey Pecans
950,4602,18.0,0.014827018121911038,0.15517241379310345,0.43902439024390244,4.5946173254836,116.0,41.0,Mountain Top,White Rock
940,2078,23.0,0.018945634266886325,0.24210526315789474,0.359375,4.592434210526316,95.0,64.0,Bloomy Breeze,Carpenter's Wheel
2078,4677,5.0,0.004118616144975288,0.078125,0.23809523809523808,4.5163690476190474,64.0,21.0,Carpenter's Wheel,Wensleydale with Cranberry
930,4677,11.0,0.009060955518945634,0.07586206896551724,0.5238095238095238,4.385550082101806,145.0,21.0,Cabra LaMancha,Wensleydale with Cranberry
940,947,29.0,0.023887973640856673,0.30526315789473685,0.3411764705882353,4.359876160990713,95.0,85.0,Bloomy Breeze,Cave Dweller
940,950,39.0,0.03212520593080725,0.4105263157894737,0.33620689655172414,4.296370235934664,95.0,116.0,Bloomy Breeze,Mountain Top
934,4677,4.0,0.0032948929159802307,0.07407407407407407,0.19047619047619047,4.2821869488536155,54.0,21.0,Moo & Blue,Wensleydale with Cranberry
4475,953,2.0,0.0016474464579901153,0.2857142857142857,0.024691358024691357,4.2821869488536155,7.0,81.0,Cradoc's Sea Salted Crackers,Fresh Goat Cheese
940,953,27.0,0.022240527182866558,0.28421052631578947,0.3333333333333333,4.259649122807018,95.0,81.0,Bloomy Breeze,Fresh Goat Cheese
940,11909,3.0,0.002471169686985173,0.031578947368421054,0.3333333333333333,4.2596491228070175,95.0,9.0,Bloomy Breeze,Red Leicester
937,934,25.0,0.02059308072487644,0.1893939393939394,0.46296296296296297,4.257856341189674,132.0,54.0,Black & Blue,Moo & Blue
930,934,27.0,0.022240527182866558,0.18620689655172415,0.5,4.186206896551724,145.0,54.0,Cabra LaMancha,Moo & Blue
937,947,38.0,0.03130148270181219,0.2878787878787879,0.4470588235294118,4.111586452762923,132.0,85.0,Black & Blue,Cave Dweller
937,11909,4.0,0.0032948929159802307,0.030303030303030304,0.4444444444444444,4.087542087542087,132.0,9.0,Black & Blue,Red Leicester
8862,953,3.0,0.002471169686985173,0.2727272727272727,0.037037037037037035,4.087542087542087,11.0,81.0,Cabrita,Fresh Goat Cheese
2802,3985,2.0,0.0016474464579901153,0.08,0.08333333333333333,4.046666666666667,25.0,24.0,Honey honey — sampler box,The Heritage Sampler
1903,950,33.0,0.027182866556836903,0.38372093023255816,0.28448275862068967,4.015838011226944,86.0,116.0,Merry Goat Round Spruce Reserve,Mountain Top
2078,950,24.0,0.019769357495881382,0.375,0.20689655172413793,3.9245689655172407,64.0,116.0,Carpenter's Wheel,Mountain Top
947,7272,3.0,0.002471169686985173,0.03529411764705882,0.2727272727272727,3.895187165775401,85.0,11.0,Cave Dweller,Jumping Jack
8862,947,3.0,0.002471169686985173,0.2727272727272727,0.03529411764705882,3.895187165775401,11.0,85.0,Cabrita,Cave Dweller
934,950,20.0,0.016474464579901153,0.37037037037037035,0.1724137931034483,3.8761174968071517,54.0,116.0,Moo & Blue,Mountain Top
943,5350,5.0,0.004118616144975288,0.025510204081632654,0.625,3.871173469387755,196.0,8.0,Merry Goat Round,Nat's Nuts Cinnamon Whiskey Pecans
2078,934,11.0,0.009060955518945634,0.171875,0.2037037037037037,3.8640046296296293,64.0,54.0,Carpenter's Wheel,Moo & Blue
947,950,31.0,0.025535420098846788,0.36470588235294116,0.2672413793103448,3.8168356997971604,85.0,116.0,Cave Dweller,Mountain Top
2983,12544,2.0,0.0016474464579901153,0.025,0.25,3.79375,80.0,8.0,FireFly Farms Christmas Sampler,Parra Jimenez Organic Manchego
940,934,16.0,0.013179571663920923,0.16842105263157894,0.2962962962962963,3.7863547758284604,95.0,54.0,Bloomy Breeze,Moo & Blue
953,12544,2.0,0.0016474464579901153,0.024691358024691357,0.25,3.746913580246914,81.0,8.0,Fresh Goat Cheese,Parra Jimenez Organic Manchego
953,12554,2.0,0.0016474464579901153,0.024691358024691357,0.25,3.746913580246914,81.0,8.0,Fresh Goat Cheese,Potter's Organic Winter Wheat Crackers
940,943,57.0,0.04695222405271829,0.6,0.29081632653061223,3.7163265306122457,95.0,196.0,Bloomy Breeze,Merry Goat Round
940,4475,2.0,0.0016474464579901153,0.021052631578947368,0.2857142857142857,3.6511278195488726,95.0,7.0,Bloomy Breeze,Cradoc's Sea Salted Crackers
937,950,46.0,0.03789126853377265,0.3484848484848485,0.39655172413793105,3.6470741901776385,132.0,116.0,Black & Blue,Mountain Top
930,4475,3.0,0.002471169686985173,0.020689655172413793,0.42857142857142855,3.5881773399014776,145.0,7.0,Cabra LaMancha,Cradoc's Sea Salted Crackers
947,9201,1.0,0.0008237232289950577,0.011764705882352941,0.25,3.570588235294118,85.0,4.0,Cave Dweller,Legendary Blue
930,947,36.0,0.029654036243822075,0.2482758620689655,0.4235294117647059,3.545963488843814,145.0,85.0,Cabra LaMancha,Cave Dweller
930,2078,27.0,0.022240527182866558,0.18620689655172415,0.421875,3.5321120689655174,145.0,64.0,Cabra LaMancha,Carpenter's Wheel
9201,1903,1.0,0.0008237232289950577,0.25,0.011627906976744186,3.529069767441861,4.0,86.0,Legendary Blue,Merry Goat Round Spruce Reserve
1903,5347,2.0,0.0016474464579901153,0.023255813953488372,0.25,3.529069767441861,86.0,8.0,Merry Goat Round Spruce Reserve,Organic Sourdough Sea Salt Crackers
2772,2800,8.0,0.006589785831960461,0.18604651162790697,0.12307692307692308,3.4747763864042938,43.0,65.0,All Spruced Up — sampler box,Barely Blue — sampler box
943,4602,23.0,0.018945634266886325,0.11734693877551021,0.5609756097560976,3.474614235938278,196.0,41.0,Merry Goat Round,White Rock
2078,7272,2.0,0.0016474464579901153,0.03125,0.18181818181818182,3.4488636363636367,64.0,11.0,Carpenter's Wheel,Jumping Jack
937,12554,3.0,0.002471169686985173,0.022727272727272728,0.375,3.448863636363636,132.0,8.0,Black & Blue,Potter's Organic Winter Wheat Crackers
937,2078,24.0,0.019769357495881382,0.18181818181818182,0.375,3.448863636363636,132.0,64.0,Black & Blue,Carpenter's Wheel
5343,943,5.0,0.004118616144975288,0.5555555555555556,0.025510204081632654,3.441043083900227,9.0,196.0,Flouwer Co. Artisanal Crackers,Merry Goat Round
2983,11909,2.0,0.0016474464579901153,0.025,0.2222222222222222,3.3722222222222227,80.0,9.0,FireFly Farms Christmas Sampler,Red Leicester
937,4602,15.0,0.012355848434925865,0.11363636363636363,0.36585365853658536,3.364745011086475,132.0,41.0,Black & Blue,White Rock
947,953,19.0,0.015650741350906095,0.2235294117647059,0.2345679012345679,3.350181554103123,85.0,81.0,Cave Dweller,Fresh Goat Cheese
3990,4475,1.0,0.0008237232289950577,0.019230769230769232,0.14285714285714285,3.3351648351648344,52.0,7.0,All Goat,Cradoc's Sea Salted Crackers
11909,4602,1.0,0.0008237232289950577,0.1111111111111111,0.024390243902439025,3.289972899728998,9.0,41.0,Red Leicester,White Rock
937,930,51.0,0.042009884678747944,0.38636363636363635,0.35172413793103446,3.2347962382445146,132.0,145.0,Black & Blue,Cabra LaMancha
953,950,25.0,0.02059308072487644,0.30864197530864196,0.21551724137931033,3.2300979140059596,81.0,116.0,Fresh Goat Cheese,Mountain Top
943,950,60.0,0.04942339373970346,0.30612244897959184,0.5172413793103449,3.2037297677691767,196.0,116.0,Merry Goat Round,Mountain Top
947,5343,2.0,0.0016474464579901153,0.023529411764705882,0.2222222222222222,3.173856209150327,85.0,9.0,Cave Dweller,Flouwer Co. Artisanal Crackers
947,11909,2.0,0.0016474464579901153,0.023529411764705882,0.2222222222222222,3.173856209150327,85.0,9.0,Cave Dweller,Red Leicester
947,934,12.0,0.009884678747940691,0.1411764705882353,0.2222222222222222,3.1738562091503266,85.0,54.0,Cave Dweller,Moo & Blue
2772,3992,2.0,0.0016474464579901153,0.046511627906976744,0.1111111111111111,3.1369509043927652,43.0,18.0,All Spruced Up — sampler box,Cow's Milk Sampler
943,8383,1.0,0.0008237232289950577,0.00510204081632653,0.5,3.0969387755102042,196.0,2.0,Merry Goat Round,Shakerag Blue
2078,1903,14.0,0.011532125205930808,0.21875,0.16279069767441862,3.0879360465116283,64.0,86.0,Carpenter's Wheel,Merry Goat Round Spruce Reserve
937,953,27.0,0.022240527182866558,0.20454545454545456,0.3333333333333333,3.065656565656566,132.0,81.0,Black & Blue,Fresh Goat Cheese
937,5343,3.0,0.002471169686985173,0.022727272727272728,0.3333333333333333,3.0656565656565653,132.0,9.0,Black & Blue,Flouwer Co. Artisanal Crackers
947,943,42.0,0.03459637561779242,0.49411764705882355,0.21428571428571427,3.0605042016806725,85.0,196.0,Cave Dweller,Merry Goat Round
2078,953,13.0,0.01070840197693575,0.203125,0.16049382716049382,3.0443672839506175,64.0,81.0,Carpenter's Wheel,Fresh Goat Cheese
930,943,70.0,0.057660626029654036,0.4827586206896552,0.35714285714285715,2.9901477832512318,145.0,196.0,Cabra LaMancha,Merry Goat Round
2800,2802,4.0,0.0032948929159802307,0.06153846153846154,0.16,2.9883076923076928,65.0,25.0,Barely Blue — sampler box,Honey honey — sampler box
953,943,39.0,0.03212520593080725,0.48148148148148145,0.1989795918367347,2.982237339380197,81.0,196.0,Fresh Goat Cheese,Merry Goat Round
2983,4677,4.0,0.0032948929159802307,0.05,0.19047619047619047,2.8904761904761904,80.0,21.0,FireFly Farms Christmas Sampler,Wensleydale with Cranberry
2772,3979,1.0,0.0008237232289950577,0.023255813953488372,0.1,2.8232558139534887,43.0,10.0,All Spruced Up — sampler box,Winter Blues
8862,943,5.0,0.004118616144975288,0.45454545454545453,0.025510204081632654,2.8153988868274586,11.0,196.0,Cabrita,Merry Goat Round
930,11909,3.0,0.002471169686985173,0.020689655172413793,0.3333333333333333,2.7908045977011495,145.0,9.0,Cabra LaMancha,Red Leicester
930,950,38.0,0.03130148270181219,0.2620689655172414,0.3275862068965517,2.7426872770511292,145.0,116.0,Cabra LaMancha,Mountain Top
934,4602,5.0,0.004118616144975288,0.09259259259259259,0.12195121951219512,2.7416440831074973,54.0,41.0,Moo & Blue,White Rock
943,1903,38.0,0.03130148270181219,0.19387755102040816,0.4418604651162791,2.7368296155671574,196.0,86.0,Merry Goat Round,Merry Goat Round Spruce Reserve
2078,943,28.0,0.023064250411861616,0.4375,0.14285714285714285,2.709821428571429,64.0,196.0,Carpenter's Wheel,Merry Goat Round
947,1903,16.0,0.013179571663920923,0.18823529411764706,0.18604651162790697,2.65718194254446,85.0,86.0,Cave Dweller,Merry Goat Round Spruce Reserve
950,5350,2.0,0.0016474464579901153,0.017241379310344827,0.25,2.6163793103448274,116.0,8.0,Mountain Top,Nat's Nuts Cinnamon Whiskey Pecans
13261,950,1.0,0.0008237232289950577,0.25,0.008620689655172414,2.6163793103448274,4.0,116.0,Legendary Moo,Mountain Top
953,1903,15.0,0.012355848434925865,0.18518518518518517,0.1744186046511628,2.6141257536606375,81.0,86.0,Fresh Goat Cheese,Merry Goat Round Spruce Reserve
937,940,27.0,0.022240527182866558,0.20454545454545456,0.28421052631578947,2.613875598086125,132.0,95.0,Black & Blue,Bloomy Breeze
930,953,25.0,0.02059308072487644,0.1724137931034483,0.30864197530864196,2.5840783312047675,145.0,81.0,Cabra LaMancha,Fresh Goat Cheese
8862,1903,2.0,0.0016474464579901153,0.18181818181818182,0.023255813953488372,2.566596194503172,11.0,86.0,Cabrita,Merry Goat Round Spruce Reserve
7272,1903,2.0,0.0016474464579901153,0.18181818181818182,0.023255813953488372,2.566596194503172,11.0,86.0,Jumping Jack,Merry Goat Round Spruce Reserve
937,1903,24.0,0.019769357495881382,0.18181818181818182,0.27906976744186046,2.566596194503171,132.0,86.0,Black & Blue,Merry Goat Round Spruce Reserve
930,1903,26.0,0.0214168039538715,0.1793103448275862,0.3023255813953488,2.5311948676824385,145.0,86.0,Cabra LaMancha,Merry Goat Round Spruce Reserve
943,934,22.0,0.018121911037891267,0.11224489795918367,0.4074074074074074,2.523431594860166,196.0,54.0,Merry Goat Round,Moo & Blue
937,7272,3.0,0.002471169686985173,0.022727272727272728,0.2727272727272727,2.5082644628099175,132.0,11.0,Black & Blue,Jumping Jack
4634,953,1.0,0.0008237232289950577,0.16666666666666666,0.012345679012345678,2.497942386831276,6.0,81.0,Big Picture Farm Chocolate Covered Goat Milk Caramels,Fresh Goat Cheese
934,11909,1.0,0.0008237232289950577,0.018518518518518517,0.1111111111111111,2.4979423868312756,54.0,9.0,Moo & Blue,Red Leicester
953,934,9.0,0.007413509060955519,0.1111111111111111,0.16666666666666666,2.4979423868312756,81.0,54.0,Fresh Goat Cheese,Moo & Blue
950,4677,5.0,0.004118616144975288,0.04310344827586207,0.23809523809523808,2.4917898193760264,116.0,21.0,Mountain Top,Wensleydale with Cranberry
940,930,28.0,0.023064250411861616,0.29473684210526313,0.19310344827586207,2.4676588021778585,95.0,145.0,Bloomy Breeze,Cabra LaMancha
2772,2884,3.0,0.002471169686985173,0.06976744186046512,0.08571428571428572,2.4199335548172756,43.0,35.0,All Spruced Up — sampler box,Taste of Fall
3985,4677,1.0,0.0008237232289950577,0.041666666666666664,0.047619047619047616,2.408730158730159,24.0,21.0,The Heritage Sampler,Wensleydale with Cranberry
4634,947,1.0,0.0008237232289950577,0.16666666666666666,0.011764705882352941,2.3803921568627455,6.0,85.0,Big Picture Farm Chocolate Covered Goat Milk Caramels,Cave Dweller
2078,5350,1.0,0.0008237232289950577,0.015625,0.125,2.37109375,64.0,8.0,Carpenter's Wheel,Nat's Nuts Cinnamon Whiskey Pecans
2078,12544,1.0,0.0008237232289950577,0.015625,0.125,2.37109375,64.0,8.0,Carpenter's Wheel,Parra Jimenez Organic Manchego
2078,5347,1.0,0.0008237232289950577,0.015625,0.125,2.37109375,64.0,8.0,Carpenter's Wheel,Organic Sourdough Sea Salt Crackers
937,943,50.0,0.04118616144975288,0.3787878787878788,0.25510204081632654,2.3461657390228816,132.0,196.0,Black & Blue,Merry Goat Round
5343,950,2.0,0.0016474464579901153,0.2222222222222222,0.017241379310344827,2.3256704980842913,9.0,116.0,Flouwer Co. Artisanal Crackers,Mountain Top
940,7272,2.0,0.0016474464579901153,0.021052631578947368,0.18181818181818182,2.3234449760765554,95.0,11.0,Bloomy Breeze,Jumping Jack
943,12544,3.0,0.002471169686985173,0.015306122448979591,0.375,2.322704081632653,196.0,8.0,Merry Goat Round,Parra Jimenez Organic Manchego
937,13261,1.0,0.0008237232289950577,0.007575757575757576,0.25,2.299242424242424,132.0,4.0,Black & Blue,Legendary Moo
937,5347,2.0,0.0016474464579901153,0.015151515151515152,0.25,2.299242424242424,132.0,8.0,Black & Blue,Organic Sourdough Sea Salt Crackers
2772,2802,2.0,0.0016474464579901153,0.046511627906976744,0.08,2.2586046511627913,43.0,25.0,All Spruced Up — sampler box,Honey honey — sampler box
4634,940,1.0,0.0008237232289950577,0.16666666666666666,0.010526315789473684,2.129824561403509,6.0,95.0,Big Picture Farm Chocolate Covered Goat Milk Caramels,Bloomy Breeze
2078,3992,2.0,0.0016474464579901153,0.03125,0.1111111111111111,2.107638888888889,64.0,18.0,Carpenter's Wheel,Cow's Milk Sampler
2078,11909,1.0,0.0008237232289950577,0.015625,0.1111111111111111,2.107638888888889,64.0,9.0,Carpenter's Wheel,Red Leicester
2078,5343,1.0,0.0008237232289950577,0.015625,0.1111111111111111,2.107638888888889,64.0,9.0,Carpenter's Wheel,Flouwer Co. Artisanal Crackers
930,13261,1.0,0.0008237232289950577,0.006896551724137931,0.25,2.093103448275862,145.0,4.0,Cabra LaMancha,Legendary Moo
1903,4602,6.0,0.004942339373970346,0.06976744186046512,0.14634146341463414,2.0657969370391376,86.0,41.0,Merry Goat Round Spruce Reserve,White Rock
943,4677,7.0,0.005766062602965404,0.03571428571428571,0.3333333333333333,2.0646258503401365,196.0,21.0,Merry Goat Round,Wensleydale with Cranberry
4634,943,2.0,0.0016474464579901153,0.3333333333333333,0.01020408163265306,2.0646258503401365,6.0,196.0,Big Picture Farm Chocolate Covered Goat Milk Caramels,Merry Goat Round
4475,1903,1.0,0.0008237232289950577,0.14285714285714285,0.011627906976744186,2.0166112956810633,7.0,86.0,Cradoc's Sea Salted Crackers,Merry Goat Round Spruce Reserve
940,1903,13.0,0.01070840197693575,0.1368421052631579,0.1511627906976744,1.9317013463892294,95.0,86.0,Bloomy Breeze,Merry Goat Round Spruce Reserve
953,5347,1.0,0.0008237232289950577,0.012345679012345678,0.125,1.873456790123457,81.0,8.0,Fresh Goat Cheese,Organic Sourdough Sea Salt Crackers
953,5350,1.0,0.0008237232289950577,0.012345679012345678,0.125,1.873456790123457,81.0,8.0,Fresh Goat Cheese,Nat's Nuts Cinnamon Whiskey Pecans
930,5343,2.0,0.0016474464579901153,0.013793103448275862,0.2222222222222222,1.860536398467433,145.0,9.0,Cabra LaMancha,Flouwer Co. Artisanal Crackers
930,3992,4.0,0.0032948929159802307,0.027586206896551724,0.2222222222222222,1.860536398467433,145.0,18.0,Cabra LaMancha,Cow's Milk Sampler
1903,934,7.0,0.005766062602965404,0.08139534883720931,0.12962962962962962,1.8298880275624463,86.0,54.0,Merry Goat Round Spruce Reserve,Moo & Blue
947,12544,1.0,0.0008237232289950577,0.011764705882352941,0.125,1.785294117647059,85.0,8.0,Cave Dweller,Parra Jimenez Organic Manchego
947,12554,1.0,0.0008237232289950577,0.011764705882352941,0.125,1.785294117647059,85.0,8.0,Cave Dweller,Potter's Organic Winter Wheat Crackers
1903,12554,1.0,0.0008237232289950577,0.011627906976744186,0.125,1.7645348837209305,86.0,8.0,Merry Goat Round Spruce Reserve,Potter's Organic Winter Wheat Crackers
1903,5350,1.0,0.0008237232289950577,0.011627906976744186,0.125,1.7645348837209305,86.0,8.0,Merry Goat Round Spruce Reserve,Nat's Nuts Cinnamon Whiskey Pecans
937,4677,4.0,0.0032948929159802307,0.030303030303030304,0.19047619047619047,1.751803751803752,132.0,21.0,Black & Blue,Wensleydale with Cranberry
4634,950,1.0,0.0008237232289950577,0.16666666666666666,0.008620689655172414,1.7442528735632186,6.0,116.0,Big Picture Farm Chocolate Covered Goat Milk Caramels,Mountain Top
5343,953,1.0,0.0008237232289950577,0.1111111111111111,0.012345679012345678,1.665294924554184,9.0,81.0,Flouwer Co. Artisanal Crackers,Fresh Goat Cheese
2800,2884,3.0,0.002471169686985173,0.046153846153846156,0.08571428571428572,1.6008791208791207,65.0,35.0,Barely Blue — sampler box,Taste of Fall
2800,3985,2.0,0.0016474464579901153,0.03076923076923077,0.08333333333333333,1.5564102564102567,65.0,24.0,Barely Blue — sampler box,The Heritage Sampler
13261,943,1.0,0.0008237232289950577,0.25,0.00510204081632653,1.5484693877551021,4.0,196.0,Legendary Moo,Merry Goat Round
943,12554,2.0,0.0016474464579901153,0.01020408163265306,0.25,1.5484693877551021,196.0,8.0,Merry Goat Round,Potter's Organic Winter Wheat Crackers
9201,943,1.0,0.0008237232289950577,0.25,0.00510204081632653,1.5484693877551021,4.0,196.0,Legendary Blue,Merry Goat Round
4475,950,1.0,0.0008237232289950577,0.14285714285714285,0.008620689655172414,1.4950738916256157,7.0,116.0,Cradoc's Sea Salted Crackers,Mountain Top
953,4677,2.0,0.0016474464579901153,0.024691358024691357,0.09523809523809523,1.4273956496178721,81.0,21.0,Fresh Goat Cheese,Wensleydale with Cranberry
4634,930,1.0,0.0008237232289950577,0.16666666666666666,0.006896551724137931,1.395402298850575,6.0,145.0,Big Picture Farm Chocolate Covered Goat Milk Caramels,Cabra LaMancha
2802,2884,1.0,0.0008237232289950577,0.04,0.02857142857142857,1.3874285714285717,25.0,35.0,Honey honey — sampler box,Taste of Fall
943,11909,2.0,0.0016474464579901153,0.01020408163265306,0.2222222222222222,1.3764172335600908,196.0,9.0,Merry Goat Round,Red Leicester
953,7272,1.0,0.0008237232289950577,0.012345679012345678,0.09090909090909091,1.362514029180696,81.0,11.0,Fresh Goat Cheese,Jumping Jack
2772,4677,1.0,0.0008237232289950577,0.023255813953488372,0.047619047619047616,1.3444075304540424,43.0,21.0,All Spruced Up — sampler box,Wensleydale with Cranberry
937,4475,1.0,0.0008237232289950577,0.007575757575757576,0.14285714285714285,1.3138528138528136,132.0,7.0,Black & Blue,Cradoc's Sea Salted Crackers
950,12544,1.0,0.0008237232289950577,0.008620689655172414,0.125,1.3081896551724137,116.0,8.0,Mountain Top,Parra Jimenez Organic Manchego
950,5347,1.0,0.0008237232289950577,0.008620689655172414,0.125,1.3081896551724137,116.0,8.0,Mountain Top,Organic Sourdough Sea Salt Crackers
934,2884,2.0,0.0016474464579901153,0.037037037037037035,0.05714285714285714,1.2846560846560846,54.0,35.0,Moo & Blue,Taste of Fall
953,2884,3.0,0.002471169686985173,0.037037037037037035,0.08571428571428572,1.2846560846560846,81.0,35.0,Fresh Goat Cheese,Taste of Fall
940,3979,1.0,0.0008237232289950577,0.010526315789473684,0.1,1.2778947368421054,95.0,10.0,Bloomy Breeze,Winter Blues
12644,953,1.0,0.0008237232289950577,0.08333333333333333,0.012345679012345678,1.248971193415638,12.0,81.0,FireFly Sampler,Fresh Goat Cheese
3985,4602,1.0,0.0008237232289950577,0.041666666666666664,0.024390243902439025,1.2337398373983741,24.0,41.0,The Heritage Sampler,White Rock
947,12644,1.0,0.0008237232289950577,0.011764705882352941,0.08333333333333333,1.1901960784313728,85.0,12.0,Cave Dweller,FireFly Sampler
2772,3985,1.0,0.0008237232289950577,0.023255813953488372,0.041666666666666664,1.176356589147287,43.0,24.0,All Spruced Up — sampler box,The Heritage Sampler
2800,2983,5.0,0.004118616144975288,0.07692307692307693,0.0625,1.1673076923076924,65.0,80.0,Barely Blue — sampler box,FireFly Farms Christmas Sampler
937,3985,3.0,0.002471169686985173,0.022727272727272728,0.125,1.1496212121212122,132.0,24.0,Black & Blue,The Heritage Sampler
937,12544,1.0,0.0008237232289950577,0.007575757575757576,0.125,1.149621212121212,132.0,8.0,Black & Blue,Parra Jimenez Organic Manchego
7272,943,2.0,0.0016474464579901153,0.18181818181818182,0.01020408163265306,1.1261595547309835,11.0,196.0,Jumping Jack,Merry Goat Round
3990,4677,1.0,0.0008237232289950577,0.019230769230769232,0.047619047619047616,1.1117216117216118,52.0,21.0,All Goat,Wensleydale with Cranberry
940,12644,1.0,0.0008237232289950577,0.010526315789473684,0.08333333333333333,1.0649122807017546,95.0,12.0,Bloomy Breeze,FireFly Sampler
940,3985,2.0,0.0016474464579901153,0.021052631578947368,0.08333333333333333,1.0649122807017546,95.0,24.0,Bloomy Breeze,The Heritage Sampler
930,12554,1.0,0.0008237232289950577,0.006896551724137931,0.125,1.046551724137931,145.0,8.0,Cabra LaMancha,Potter's Organic Winter Wheat Crackers
930,12544,1.0,0.0008237232289950577,0.006896551724137931,0.125,1.046551724137931,145.0,8.0,Cabra LaMancha,Parra Jimenez Organic Manchego
930,5350,1.0,0.0008237232289950577,0.006896551724137931,0.125,1.046551724137931,145.0,8.0,Cabra LaMancha,Nat's Nuts Cinnamon Whiskey Pecans
2772,934,2.0,0.0016474464579901153,0.046511627906976744,0.037037037037037035,1.0456503014642549,43.0,54.0,All Spruced Up — sampler box,Moo & Blue
2800,3992,1.0,0.0008237232289950577,0.015384615384615385,0.05555555555555555,1.0376068376068377,65.0,18.0,Barely Blue — sampler box,Cow's Milk Sampler
937,3992,2.0,0.0016474464579901153,0.015151515151515152,0.1111111111111111,1.0218855218855218,132.0,18.0,Black & Blue,Cow's Milk Sampler
3351,3985,1.0,0.0008237232289950577,0.019230769230769232,0.041666666666666664,0.9727564102564102,52.0,24.0,Mother's Day Gift Box,The Heritage Sampler
3990,3985,1.0,0.0008237232289950577,0.019230769230769232,0.041666666666666664,0.9727564102564102,52.0,24.0,All Goat,The Heritage Sampler
7272,950,1.0,0.0008237232289950577,0.09090909090909091,0.008620689655172414,0.95141065830721,11.0,116.0,Jumping Jack,Mountain Top
2800,4677,1.0,0.0008237232289950577,0.015384615384615385,0.047619047619047616,0.8893772893772893,65.0,21.0,Barely Blue — sampler box,Wensleydale with Cranberry
3990,934,2.0,0.0016474464579901153,0.038461538461538464,0.037037037037037035,0.8646723646723645,52.0,54.0,All Goat,Moo & Blue
3992,2983,1.0,0.0008237232289950577,0.05555555555555555,0.0125,0.8430555555555557,18.0,80.0,Cow's Milk Sampler,FireFly Farms Christmas Sampler
3992,953,1.0,0.0008237232289950577,0.05555555555555555,0.012345679012345678,0.832647462277092,18.0,81.0,Cow's Milk Sampler,Fresh Goat Cheese
947,3992,1.0,0.0008237232289950577,0.011764705882352941,0.05555555555555555,0.7934640522875818,85.0,18.0,Cave Dweller,Cow's Milk Sampler
2078,3985,1.0,0.0008237232289950577,0.015625,0.041666666666666664,0.7903645833333334,64.0,24.0,Carpenter's Wheel,The Heritage Sampler
930,7272,1.0,0.0008237232289950577,0.006896551724137931,0.09090909090909091,0.761128526645768,145.0,11.0,Cabra LaMancha,Jumping Jack
2078,2802,1.0,0.0008237232289950577,0.015625,0.04,0.75875,64.0,25.0,Carpenter's Wheel,Honey honey — sampler box
940,3992,1.0,0.0008237232289950577,0.010526315789473684,0.05555555555555555,0.7099415204678363,95.0,18.0,Bloomy Breeze,Cow's Milk Sampler
930,3985,2.0,0.0016474464579901153,0.013793103448275862,0.08333333333333333,0.6977011494252875,145.0,24.0,Cabra LaMancha,The Heritage Sampler
2800,953,3.0,0.002471169686985173,0.046153846153846156,0.037037037037037035,0.6917378917378917,65.0,81.0,Barely Blue — sampler box,Fresh Goat Cheese
2772,4602,1.0,0.0008237232289950577,0.023255813953488372,0.024390243902439025,0.688598979013046,43.0,41.0,All Spruced Up — sampler box,White Rock
3992,943,2.0,0.0016474464579901153,0.1111111111111111,0.01020408163265306,0.6882086167800454,18.0,196.0,Cow's Milk Sampler,Merry Goat Round
947,4677,1.0,0.0008237232289950577,0.011764705882352941,0.047619047619047616,0.6801120448179273,85.0,21.0,Cave Dweller,Wensleydale with Cranberry
1903,4677,1.0,0.0008237232289950577,0.011627906976744186,0.047619047619047616,0.6722037652270212,86.0,21.0,Merry Goat Round Spruce Reserve,Wensleydale with Cranberry
943,3979,1.0,0.0008237232289950577,0.00510204081632653,0.1,0.6193877551020408,196.0,10.0,Merry Goat Round,Winter Blues
2983,2802,1.0,0.0008237232289950577,0.0125,0.04,0.6070000000000001,80.0,25.0,FireFly Farms Christmas Sampler,Honey honey — sampler box
953,2802,1.0,0.0008237232289950577,0.012345679012345678,0.04,0.5995061728395062,81.0,25.0,Fresh Goat Cheese,Honey honey — sampler box
947,3985,1.0,0.0008237232289950577,0.011764705882352941,0.041666666666666664,0.5950980392156864,85.0,24.0,Cave Dweller,The Heritage Sampler
3990,4602,1.0,0.0008237232289950577,0.019230769230769232,0.024390243902439025,0.5694183864915572,52.0,41.0,All Goat,White Rock
2802,1903,1.0,0.0008237232289950577,0.04,0.011627906976744186,0.5646511627906978,25.0,86.0,Honey honey — sampler box,Merry Goat Round Spruce Reserve
2983,934,2.0,0.0016474464579901153,0.025,0.037037037037037035,0.562037037037037,80.0,54.0,FireFly Farms Christmas Sampler,Moo & Blue
3990,2772,1.0,0.0008237232289950577,0.019230769230769232,0.023255813953488372,0.5429338103756708,52.0,43.0,All Goat,All Spruced Up — sampler box
947,2983,3.0,0.002471169686985173,0.03529411764705882,0.0375,0.5355882352941177,85.0,80.0,Cave Dweller,FireFly Farms Christmas Sampler
937,2884,2.0,0.0016474464579901153,0.015151515151515152,0.05714285714285714,0.5255411255411255,132.0,35.0,Black & Blue,Taste of Fall
940,2802,1.0,0.0008237232289950577,0.010526315789473684,0.04,0.5111578947368423,95.0,25.0,Bloomy Breeze,Honey honey — sampler box
3990,930,3.0,0.002471169686985173,0.057692307692307696,0.020689655172413793,0.48302387267904506,52.0,145.0,All Goat,Cabra LaMancha
2078,2983,2.0,0.0016474464579901153,0.03125,0.025,0.47421875,64.0,80.0,Carpenter's Wheel,FireFly Farms Christmas Sampler
2772,2078,1.0,0.0008237232289950577,0.023255813953488372,0.015625,0.4411337209302326,43.0,64.0,All Spruced Up — sampler box,Carpenter's Wheel
950,3985,1.0,0.0008237232289950577,0.008620689655172414,0.041666666666666664,0.43606321839080464,116.0,24.0,Mountain Top,The Heritage Sampler
2772,930,2.0,0.0016474464579901153,0.046511627906976744,0.013793103448275862,0.3894145950280674,43.0,145.0,All Spruced Up — sampler box,Cabra LaMancha
2983,953,2.0,0.0016474464579901153,0.025,0.024691358024691357,0.3746913580246914,80.0,81.0,FireFly Farms Christmas Sampler,Fresh Goat Cheese
940,2884,1.0,0.0008237232289950577,0.010526315789473684,0.02857142857142857,0.3651127819548872,95.0,35.0,Bloomy Breeze,Taste of Fall
3990,2078,1.0,0.0008237232289950577,0.019230769230769232,0.015625,0.3647836538461538,52.0,64.0,All Goat,Carpenter's Wheel
2078,3351,1.0,0.0008237232289950577,0.015625,0.019230769230769232,0.3647836538461538,64.0,52.0,Carpenter's Wheel,Mother's Day Gift Box
3990,2800,1.0,0.0008237232289950577,0.019230769230769232,0.015384615384615385,0.3591715976331361,52.0,65.0,All Goat,Barely Blue — sampler box
2772,953,1.0,0.0008237232289950577,0.023255813953488372,0.012345679012345678,0.348550100488085,43.0,81.0,All Spruced Up — sampler box,Fresh Goat Cheese
937,2983,3.0,0.002471169686985173,0.022727272727272728,0.0375,0.3448863636363636,132.0,80.0,Black & Blue,FireFly Farms Christmas Sampler
930,2802,1.0,0.0008237232289950577,0.006896551724137931,0.04,0.334896551724138,145.0,25.0,Cabra LaMancha,Honey honey — sampler box
2800,950,2.0,0.0016474464579901153,0.03076923076923077,0.017241379310344827,0.3220159151193634,65.0,116.0,Barely Blue — sampler box,Mountain Top
930,2983,3.0,0.002471169686985173,0.020689655172413793,0.0375,0.3139655172413793,145.0,80.0,Cabra LaMancha,FireFly Farms Christmas Sampler
3990,1903,1.0,0.0008237232289950577,0.019230769230769232,0.011627906976744186,0.2714669051878354,52.0,86.0,All Goat,Merry Goat Round Spruce Reserve
943,3985,1.0,0.0008237232289950577,0.00510204081632653,0.041666666666666664,0.25807823129251706,196.0,24.0,Merry Goat Round,The Heritage Sampler
2802,943,1.0,0.0008237232289950577,0.04,0.00510204081632653,0.24775510204081636,25.0,196.0,Honey honey — sampler box,Merry Goat Round
3990,940,1.0,0.0008237232289950577,0.019230769230769232,0.010526315789473684,0.24574898785425103,52.0,95.0,All Goat,Bloomy Breeze
2772,950,1.0,0.0008237232289950577,0.023255813953488372,0.008620689655172414,0.2433841218925421,43.0,116.0,All Spruced Up — sampler box,Mountain Top
3990,943,2.0,0.0016474464579901153,0.038461538461538464,0.01020408163265306,0.2382260596546311,52.0,196.0,All Goat,Merry Goat Round
943,3351,2.0,0.0016474464579901153,0.01020408163265306,0.038461538461538464,0.2382260596546311,196.0,52.0,Merry Goat Round,Mother's Day Gift Box
2800,1903,1.0,0.0008237232289950577,0.015384615384615385,0.011627906976744186,0.21717352415026836,65.0,86.0,Barely Blue — sampler box,Merry Goat Round Spruce Reserve
3990,950,1.0,0.0008237232289950577,0.019230769230769232,0.008620689655172414,0.20125994694960211,52.0,116.0,All Goat,Mountain Top
3351,950,1.0,0.0008237232289950577,0.019230769230769232,0.008620689655172414,0.20125994694960211,52.0,116.0,Mother's Day Gift Box,Mountain Top
2800,940,1.0,0.0008237232289950577,0.015384615384615385,0.010526315789473684,0.1965991902834008,65.0,95.0,Barely Blue — sampler box,Bloomy Breeze
2800,943,2.0,0.0016474464579901153,0.03076923076923077,0.01020408163265306,0.1905808477237049,65.0,196.0,Barely Blue — sampler box,Merry Goat Round
943,2884,1.0,0.0008237232289950577,0.00510204081632653,0.02857142857142857,0.17696793002915454,196.0,35.0,Merry Goat Round,Taste of Fall
937,3351,1.0,0.0008237232289950577,0.007575757575757576,0.019230769230769232,0.17686480186480186,132.0,52.0,Black & Blue,Mother's Day Gift Box
940,2983,1.0,0.0008237232289950577,0.010526315789473684,0.0125,0.15973684210526318,95.0,80.0,Bloomy Breeze,FireFly Farms Christmas Sampler
2772,943,1.0,0.0008237232289950577,0.023255813953488372,0.00510204081632653,0.1440436639772188,43.0,196.0,All Spruced Up — sampler box,Merry Goat Round
2800,937,1.0,0.0008237232289950577,0.015384615384615385,0.007575757575757576,0.1414918414918415,65.0,132.0,Barely Blue — sampler box,Black & Blue
2800,930,1.0,0.0008237232289950577,0.015384615384615385,0.006896551724137931,0.12880636604774537,65.0,145.0,Barely Blue — sampler box,Cabra LaMancha
2983,943,1.0,0.0008237232289950577,0.0125,0.00510204081632653,0.0774234693877551,80.0,196.0,FireFly Farms Christmas Sampler,Merry Goat Round
